513375,Carborundum Uni.*,
506076,Grindwell Norton ,
504879,Orient Abrasives ,
505412,Wendt India*,
534839,Eco Friendly Food Pr ,
534927,Esteem Bio Organic F ,
535217,HPC Biosciences Ltd. ,
519491,Ocean Agro (Indi ,
538921,Raghuvansh Agrofarms ,
513713,White Organic Agro ,
540902,Amber Enterprises ,
500067,Blue Star*,
500139,Fedders Electric ,
523398,Johnson Controls-Hit*,
517518,Leel Electricals ,
535279,Bothra Metals & Allo ,
504697,Galada Power & T ,
500440,Hindalco Indus. ,
532906,Maan Aluminium Ltd. ,
539045,Manaksia Aluminium ,
532234,National Alumini ,
506027,Bhoruka Aluminiu ,
500083,Century Extru. ,
513309,Golkonda Aluminium ,
531869,Sacheta Metals L ,
506003,Sudal Industries ,
537119,Tentiwala Metal Prod ,
539151,Arfin India ,
531410,Guj. Foils ,
531979,Hind Aluminium Indus ,
539046,Manaksia Coated Meta ,
526747,P G Foils Ltd ,
513405,PALCO ,
513307,Synthiko Foils ,
512573,Avanti Feeds Lim ,
519421,KSE ,
501831,Coastal Corporation ,
540267,Flora Corporation ,
519500,BKV Industries Ltd. ,
523660,Waterbase Ltd. ,
539963,Zeal Aqua ,
519604,Suryo Foods & In ,
531795,Atul Auto Ltd ,
532977,Bajaj Auto Ltd. ,
500182,Hero MotoCorp ,
500240,Kinetic Engg. ,
500255,LML Ltd.*,
500266,Maha. Scooters ,
500267,Majestic Auto ,
505141,Scooters India ,       
532343,TVS Motor Co. Ltd.*,
500500,Hind. Motor ,
500520,Mahi. & Mahi*,
532500,Maruti Suzuki India*,
500477,Ashok Leyland*,
505200,Eicher Motors*,
500033,Force Motors ,
505192,SML Isuzu Ltd.*,
500570,Tata Motors Ltd.*,
500495,Escorts Ltd. ,
500191,HMT Ltd. ,
531266,VST Tillers Tr*,
500008,Amara Raja Batt.*,
500086,Exide Inds.*,
517271,HBL Power Systems Lt ,
504180,Standard Batteri ,
509635,Hind. Composites ,
505075,Setco Automotive ,
505010,Automotive Axles*,
505893,Hind. Hardy Spic ,
532661,Rane (Madras) ,
520008,Rico Auto Inds. ,
533477,Enkei Wheels (India)*,
513262,Steel Strips Wheels ,
590073,Wheels India Ltd. ,
532240,India Nippon Ele ,
532539,Minda Industries ,
517334,MothersonSumiSystems*,
517230,PAE ,
532797,Autoline Industries ,
500039,Banco Products ,
500530,Bosch Ltd. ,
505744,Federal-Mogul Goetze ,
540124,GNA Axles*,
523638,I P Rings Ltd. ,
531727,Menon Pistons Li*,
505797,Mipco Seamless ,
532988,Rane Engine Valve Lt ,
520075,Samkrg Pistons & Rin ,
520141,Sibar Auto Parts ,
500403,Sundaram Fasten. ,
505160,Talbros Auto. ,
505978,Triton Valves ,
500464,Ucal Fuel System ,
500029,Autolite (I) ,
532768,FIEM Industries ,
530711,Jagan Lamps ,
517206,Lumax Inds. ,
541578,Varroc Engineering ,
530721,ANG Industries ,
517168,Subros Ltd.*,
532509,Suprajit Enginee ,
538987,Talbros Engineering ,
505688,Bharat Gears ,
505711,Gajra Bevel Gear ,
505712,HIM Teknoforge ,
513691,JMT Auto Ltd. ,
520057,JTEKT India*,
520073,Racl Geartech ,
538992,SAR Auto Products ,
522034,Shanthi Gears*,
522073,The Hi-Tech Gears ,
505163,ZF Steering Gear*,
505036,AutoCorpn of Goa*,
520119,Automotive Stampings ,
523229,Bharat Seats ,
532282,Castex Technologies ,
504908,Duncan Engineering ,
540153,Endurance Technologi ,
513059,G S Auto Interna ,
590043,Harita Seating Syst. ,
508807,IST Ltd. ,
520066,Jay Bharat Marut ,
513252,Jay Ushin Ltd. ,
532605,JBM Auto ,
500250,LG Balakrishnan&Bros ,
532796,Lumax Auto Technolog*,
538962,Minda Corporation*,
520059,Munjal Auto Industr. ,
520021,Omax Auto*,
532933,Porwal Auto Comp ,
539636,Precision Camshafts ,
540293,Pricol L*,
522207,Rasandik Engg. ,
540066,Sai Moh Auto Links ,
541163,Sandhar Technologies ,
535602,Sharda Motor Ind ,
532776,Shivam Autotech Ltd. ,
513687,Spectra Industri ,
539353,Swaraj Automotives ,
505714,Gabriel India*,
520043,Munjal Showa Ltd ,
520077,Amtek Auto Ltd. ,
532987,Rane Brake Lining Lt*,
520056,Sundaram Clayton*,
590072,SundaramBrakeLining ,
533023,WABCO India ,
523415,Conventry Coil ,
522195,Frontier Springs ,
520051,Jamna Auto Inds. ,
530919,Remsons Industri ,
505665,ABC Bearings Ltd. ,
522005,Austin Engg. Co. ,
541178,Benara Bearings ,
505681,Bimetal Bear.*,
505703,Deccan Bearings ,
526073,Galaxy Bearing ,
523828,Menon Bearings L ,
530367,NRB Bearings Lim*,
535458,NRB Industrial Beari ,
505790,Schaeffler India ,
500472,SKF India ,
505827,SNL Bearings Ltd. ,
522113,Timken India Ltd*,
539398,Vishal Bearings Ltd. ,
780014,Has Lifestyle ,
539207,Manpasand Beverage ,
540180,Varun Beverages Ltd. ,
507526,Asso. Alcohols ,
512301,Chambal Brewerie ,
532920,Empee Distilleries L ,
507488,G M Breweries Ltd. ,
533104,Globus Spirits Ltd. ,
507438,IFB Agro Indus*,
507155,Jagatjit Ind. ,
533320,Jubilant Industries ,
507435,Khoday India ,
507522,Mount Shivalik I ,
507690,Orient Beverages ,
538771,Pincon Spirit ,
531879,Pioneer Distille ,
532497,Radico Khaitan Ltd.*,
533294,Ravi Kumar Distiller ,
531635,Silver Oak (India) ,
507514,Som Distilleries ,
507205,Tilaknagar Industrie ,
532478,United Breweries Ltd ,
532432,United Spirits*,
526471,Winsome Brewerie ,
537766,B C Power Controls L ,
532941,Cords Cable Industri ,
531472,Cybele Industries Lt ,
504240,Delton Cables ,
522163,Diamond Power Infras ,
540795,Dynamic Cables ,
530333,Emgee Cables And ,
539984,Hindusthan Urban Inf ,
540651,Jigar Cables ,
517569,KEI Industries ,
539760,Relicab Cable Manufa ,
539836,Ruby Cables Ltd. ,
517320,Savant Infocomm ,
538706,Ultracab (India) Ltd ,
504212,Universal Cables*,
539331,Veto Switchgears & C ,
532351,Aksh Optifibre ,
512296,Bhagyanagar India Lt ,
500060,Birla Cable*,
517330,CMI L ,
500144,Finolex Cables ,
530555,Paramount Commun ,
533389,Shilpi Cable Technol ,
532374,Sterlite Technologie*,
517530,Surana Telecom and P ,
523419,T Nadu Telecom L ,
517015,Vindhya Telelink ,
506579,Oriental Carbon*,
506590,Phillips Carbon*,
532683,AIA Engineering*,
531147,Alicon Castalloy ,
504646,Bhagwati Auto. ,
540652,Captain Technocast ,
530609,Carnation Indust ,
539527,Creative Casting ,
500128,Electrosteel Cas ,
504701,Gontermann Piep. ,
504786,Investment & Pre ,
522285,Jayaswal Neco Indust*,
513693,KIC Metaliks ,
517449,Magna Electrocas ,
531289,National Fittings ,
532864,Nelcast Ltd.*,
508875,Nitin Castings ,
513472,Simplex Castings ,
513517,Steel Cast ,
504961,Tayo Rolls Ltd ,
504605,Uni Abex Alloys ,
539314,Universal Autofoundr ,
500410,ACC ,
500425,Ambuja Cements Ltd. ,
532141,Andhra Cement ,
518091,Anjani Portland ,
532916,Barak Valley Cements ,
500335,Birla Corporation Lt ,
532931,Burnpur Cement Ltd. ,
502137,Deccan Cements*,
518029,Guj. Sidhee Ceme ,
500292,Heidelberg Cement In ,
530005,India Cements Lt ,
532644,JK Cement ,
500380,JK Lakshmi Cement L ,
500234,Kakatiya Cement Suga ,
590066,KCP Ltd.*,
518011,Keerthi Industries L ,
502157,Mangalam Cement ,
502168,NCL Industries ,
502165,OCL India Limi ,
535754,Orient Cement Ltd.*,
500322,Panyam Cement ,
500338,Prism Johnson ,
500339,Rain Industries ,
531825,RCC Cements Limi ,
502090,Sagar Cements*,
502175,Saurashtra Cemen*,
532323,Shiva Cement Ltd ,
500387,Shree Cement*,
502180,Shree Digvijay*,
530977,Shri Keshav Cements ,
540575,Star Cement ,
500260,The Ramco Cements*,
530131,Udaipur Cement Works*,
532538,UltraTech Cement ,
526941,Vaishno Cement C ,
539620,A Infrastructure ,
508906,Everest Industries L ,
533761,GPT Infraprojects*,
509675,HIL*,
504741,Indian Hume Pipe ,
532369,Ramco Industries ,
532841,Sahyadri Industries ,
526521,Sanghi Industrie ,
531444,Vardhman Concrete ,
509055,Visaka Indus. ,
524091,Acrysil Ltd. ,
532888,Asian Granito India ,
532443,Cera Sanitaryware L*,
532823,Euro Ceramics Ltd. ,
500187,HSIL Ltd. ,
500233,Kajaria Ceramics*,
515037,Murudeshwar Cer. ,
532722,Nitco Ltd. ,
530365,Orient Bell ,
515018,Regency Ceramics ,
515085,Restile Ceramics ,
507894,Schablona India ,
531548,Somany Ceramics Ltd. ,
507515,CJ Gelatine ,
526739,Narmada Gelatines Lt ,
507486,Caprolactam Chemical ,
541269,Chemfab Alkalis ,
500171,GHCL ,
530001,Guj. Alkalie & C ,
506520,Jayshree Chem. ,
506525,Kanoria Chemical ,
500284,Lords Chloro Alkali ,
506852,Punj. Alkalie ,
530017,Standard Indust ,
500770,Tata Chemicals ,
507753,TGV SRAAC*,
506808,Tuticorin Alk.*,
524634,Alufluoride Ltd. ,
531541,Avon Lifesciences L ,
513353,Cochin Minerals ,
506401,Deepak Nitrite*,
524768,Emmessar Biotech ,
524743,Fischer Chemic ,
504746,Indian Link Chai ,
524342,Indo Borax ,
500211,Insilco Ltd. ,
524699,Kilburn Chemical ,
507759,Lime Chemicals ,
524748,Link Pharma Chem ,
500298,National Peroxid*,
532626,Pondy Oxides & C ,
530461,Saboo Sodium Ch ,
532842,Sree Rayalaseema Hi- ,
506854,Tanfac Inds. ,
538634,Vasundhara Rasayans ,
531695,Veronica Production ,
516072,Vishnu Chemicals ,
524594,Ashok Alco-Chem ,
500201,India Glycols*,
524210,Pentokey Organy ,
500449,Hind. Organi ,
526905,Padmanabh Industries ,
524324,Seya Industries ,
524200,Vinati Organics*,
524564,Gayatri BioOrganics ,
500199,I G Petrochemicals ,
506734,Mysore Petro.Che ,
524208,Aarti Ind. Ltd ,
506767,Alkyl Amines Che*,
524640,Archit Organosys ,
523896,AVI Products India ,
530999,Balaji Amines Li*,
500042,BASF India Lt*,
526269,Crestchem Ltd. ,
500123,Elantas Beck India L*,
541557,Fine Organic Indus ,
500150,Foseco India Lim ,
506640,Guj. Distillers ,
500173,Guj. Fluorochemi ,
531881,Gujarat Metallic ,
524590,Hemo Organic ,
531253,India Gelatine & ,
524648,Indo Amines Limi ,
514448,Jyoti Resins & A ,
538896,Kanchi Karpooram ,
524174,Kesar Petroprod. ,
514418,Mangalam Organics ,
526159,Nikhil Adhesives ,
506532,Nitta Gelatin India ,
500078,Oriental Aromatics ,
506618,Punjab Chemicals and*,
541634,Raw Edge Industrial*,
524218,Resonance Spec. ,
540737,Shree Ganesh Remedie ,
540145,Valiant Organics ,
524129,Vinyl Chemicals ,
532834,Camlin Fine Sciences*,
526735,Excel Castronics ,
532504,Navin Fluorine Inter*,
532167,Omkar Pharmachem ,
534734,Ram Minerals & Chemi ,
519097,Ritesh Internati ,
539450,S H Kelkar & Company ,
539334,Shree Pushkar Chemic ,
523351,Standard Shoe Sole ,
540550,Yug Decor ,
533029,Alkali Metals Ltd. ,
530871,Chembond Chemica*,
540395,Chemcrux Enterprises ,
526821,Dai Ichi Karkari ,
530117,Fairchem Speciality*,
533333,Fineotex Chemical Lt ,
540935,Galaxy Surfacta. ,
505710,Grauer & Weil ,
532457,Gulshan Polyols Ltd. ,
524080,Haryana Leather ,
500184,Himadri Speciality ,
524330,Jayant Agro Org*,
524522,Laffans Petro. ,
540702,Lasa Supergenerics ,
533317,Omkar Speciality Che ,
524820,Panama Petrochem*,
500331,Pidilite Inds. ,
530815,Refnol Resins & ,
530845,Sunshield Chemic ,
500412,Thirumalai Chem.*,
506687,Transpek Indus. ,
506248,Amines & Plast. ,
500012,Andhra Petro ,
500153,Ganesh Benzoplas ,
500163,Godfrey Philips ,
500151,Golden Tobacco Ltd. ,
500875,ITC Ltd. ,
526723,NTC Industries ,
509966,VST Industries*,
530077,Freshtrop Fruits ,
504340,Confidence Finance ,
512103,Nidhi Granites L ,
540698,Nouritrans Exim ,
590057,Proseed India ,
504673,Universal Prime ,
530307,Chaman Lal Setia ,
531449,GRM Overseas ,
538541,Inceptum Enterprises ,
512559,Kohinoor Foods Ltd. ,
530813,KRBL Ltd. ,
519570,Lakshmi Energy & Foo ,
532783,LT Foods Ltd. ,
512565,R T Exports Ltd. ,
530971,Nimbus Industrie ,
522074,Elgi Equipments*,
500210,Ingersoll Rand*,
505283,Kirloskar Pneumatic*,
505368,Revathi Equipment Lt ,
505232,Veljan Denison ,
517494,Accel Transmatic ,
532456,Compuage Infocom Ltd ,
517044,Intl. Data Mangt ,
517140,Moser Baer India ,
531370,Sparc Systems Lt ,
517166,SPEL Semiconduct ,
532513,TVS Electronics*,
516092,3P Land Holdings ,
539544,Abhishek Infraventur ,
539042,AGI Infra Ltd. ,
532811,Ahluwalia Contra ,
513349,Ajmera Realty & Infr ,
532114,Alchemist Realty ,
526519,Alpine Hous.Dev. ,
500343,AMJ Land Holdings L*,
515055,Anant Raj Ltd. ,
530799,Anna Infrastructures ,
523007,Ansal Buildwell ,
507828,Ansal Housing ,
500013,Ansal Properties & I ,
538833,Anubhav Infrastructu ,
531381,Arihant Foundat ,
506194,Arihant Superstructu ,
533163,ARSS Infrastructure ,
523716,Ashiana Housing Ltd.*,
533271,Ashoka Buildcon Ltd. ,
539099,Athena Constructions ,
532719,B L Kashyap & Sons ,
526594,B Nanji Enterpr ,
540621,Bhagyanagar Properti ,
540700,Bharat Road Network ,
540061,Bigbloc Construction ,
531203,Brand Realty Service ,
532929,Brigade Enterprises*,
534731,Bronze Infra Tech Lt ,
532123,BSEL Infra. Realty ,
532813,C & C Constructions ,
540710,Capacit'e Infraproje ,
526917,CHD Developers Ltd. ,
502445,Citadel Realty & Dev ,
522231,Conart Engineers ,
532902,Consolidated Constru ,
531624,Country Condo's ,
533160,D B Realty Ltd. ,
501945,Dhenu Buildcon Infra ,
507886,Dhruv Estates Lt*,
508860,Diamant Infrastructu ,
540047,Dilip Buildcon Ltd. ,
532868,DLF Ltd. ,
523329,Eldeco Housing & ,
533218,Emami Infrastructure ,
531155,EPSOM Properties Ltd ,
533090,Excel Realty N Infra ,
540190,Franklin Industries ,
533296,Future Market Net ,
509550,Gammon India ,
526367,Ganesh Housing ,
526727,Garnet Construct ,
532767,Gayatri Projects ,
533150,Godrej Properties Lt*,
539522,Grovy India ,
530141,Gyan Developers ,
532467,Hazoor Multi Project ,
532334,HB Estate Devlpr ,
532873,HDIL ,
541019,HG Infra Engineering ,
500185,Hind.ConstructionCo. ,
532799,Hubtown ,
531968,IITL Projects ,
532907,IL&FS Engineering ,
540152,India Green Reality ,
531343,India Infraspace ,
533520,Indiabulls Integrate ,
532832,Indiabulls Real Esta ,
532947,IRB Infrastructure ,
540134,Ishaan Infrastru ,
509496,ITD Cementation Indi ,
530773,IVRCL ,
532940,J Kumar Infraproject ,
531339,Jaihind Projects ,
526865,Jainco Projects ,
532532,JaiprakashAssociates ,
533207,Jaypee Infratech Ltd ,
538794,Jet Infraventure ,
522263,JMC Projects*,
506016,JRI Industries & Inf ,
511131,Kamanwala Housing Co ,
541161,Karda Constructions ,
532925,Kaushalya Infrastruc ,
531784,KCL Infra Projects ,
530215,King Infra Ventures ,
531578,KMF Builders & D ,
532942,KNR Constructions ,
532924,Kolte-Patil Develope ,
509048,LancorHoldings Ltd ,
533012,Landmark Property De ,
531497,Madhucon Project ,
532313,Mahindra Lifespace D*,
533169,Man Infraconstructio*,
540402,Manas Properties ,
533078,Manjeera Constru ,
526115,Manor Estates & Ind ,
503101,MarathonNextgenRea ,
530543,Marg Ltd. ,
513648,Marg Projects and In ,
523566,Martin Burn Ltd. ,
531540,Maruti Infrastru ,
534338,Maxheights Infra ,
533152,MBL Infrastructures ,
511367,Meglon Infra-Real (I ,
532991,MVL Ltd. ,
531416,Narendra Propert ,
531494,Navkar Builders ,
534309,NBCC (India) ,
500294,NCC*,
530377,Nila Infrastructures ,
511714,Nimbus Projects ,
532986,Niraj Cement Structu ,
533202,Nitesh Estates ,
504378,Nyssa Corporation ,
533273,Oberoi Realty ,
532880,Omaxe Ltd. ,
540198,Osiajee Texfab ,
539291,Ozone World ,
532911,Parle Software Ltd. ,
532780,Parsvnath Developers ,
531120,Patel Engg. Ltd. ,
524031,Patidar Buildcon ,
503031,Peninsula Land L*,
503100,Phoenix Mills ,
539150,PNC Infratech ,
523628,Poddar Housing ,
531870,Popular Estate Manag ,
531746,Prajay Engineers ,
533605,Prakash Constrowell ,
533274,Prestige Estates Pro ,
530695,Prime Property Devel ,
540544,PSP Projects ,
532693,Punj Lloyd ,
532891,Puravankara ,
538993,Purohit Construction ,
517556,PVP Ventures Ltd. ,
536659,PVV Infra ,
538596,Quantum Build-Tech ,
531273,Radhe Developers*,
531694,Rainbow Foundati ,
526823,Rajeswari Infra ,
533262,Ramky Infrastructure ,
531228,Rander Corporati ,
540796,Ratnabhumi Developer ,
533285,RDB Realty & Infrast ,
540426,Relstruct Buildcon ,
526407,Ritesh Properties & ,
531822,Rodium Realty L ,
533284,RPP Infra Projects L ,
531552,RTCL Ltd. ,
539112,SAB Industries ,
532710,Sadbhav Engineering ,
535466,Samruddhi Realty Ltd ,
508996,Satra Properties ( I ,
540147,Shashijit Infraproje ,
526839,Shelter Infra ,
531080,Shri Krishna Devcon ,
511411,Shristi Infrastructu ,
524642,Sikozy Realtors ,
536073,Silverpoint Infratec ,
523838,Simplex Infrastructu ,
532877,Simplex Projects ,
503229,Simplex Realty*,
539861,SKIL Infrastructure ,
532784,Sobha*,
526532,Square Four Projects ,
539363,Sri Krishna Construc ,
533305,SRS Real Infrastruct ,
530821,SSPDL Ltd. ,
513173,Steel Strips Infrast ,
535141,Sunstar Realty Devel ,
512179,Sunteck Realty Ltd. ,
532904,Supreme Infrastructu ,
535621,SV Global Mill Ltd. ,
539041,SVP Housing ,
531909,Swagruha Infrastruct ,
532738,Tantia Constructions ,
532869,Tarmat L ,
521228,Tatia Global Venntur ,
533393,TCI Developers Ltd. ,
526576,Techindia Nirman Ltd*,
505400,Texmaco Infrastructu ,
526654,Thakker's Develo ,
531814,Tirupati Sarjan ,
537582,Unishire Urban Infra ,
507878,Unitech Ltd. ,
531676,Vaghani Techno-Build ,
531574,Vas Infrastructure L ,
533156,Vascon Engineers Ltd ,
523724,Vijay Shanthi Bu ,
511726,Vipul Ltd. ,
511276,Vishvas Projects ,
536128,VKJ Infradevelopers ,
512215,Vora Constructio ,
503675,Wagend Infra Venture ,
532016,Wellesley Corp*,
532553,Welspun Enterprises*,
522209,Yogi Infra Projects ,
536846,Yuranus Infra ,
506720,Zandu Realty ,
500780,Zuari Global ,
500074,BPL Ltd. ,
517236,Calcom Vision ,
517238,Dyna Vision ,
500279,Mirc Electronics ,
530435,Noesis Industries ,
500370,Salora Intl. ,
523449,Sharp India ,
511389,Videocon Industries*,
530843,Cupid Ltd. ,
526612,Blue Dart Expres*,
526737,Corp.Couriers&Cargo ,
532345,Gati Ltd. ,
505029,AtlasCycles(Haryana) ,
539561,Roxy Exports ,
532994,Archidply Industries ,
526225,Bloom Dekor Ltd. ,
538715,Dhabriya Polywood ,
523732,Ecoboard Ind. ,
526797,Greenply Industr ,
516007,Mangalam Timber ,
516062,National Plywood Ind ,
526490,Pratik Panels Li ,
516003,Sarda Plywood ,
532646,Uniply Industries ,
532548,Century Plyboards ,
540954,The Indian Wood Prod ,
526957,Uniply Decor ,
506935,Continental Chem ,
530853,Hipolin Ltd. ,
524136,Pee Cee Cosma ,
500777,Tamilnadu Petroprod ,
531847,Asian Star Co ,
540545,Bhakti Gems and Jewe ,
539884,Darshan Orna ,
539559,Deep Diamond India ,
540936,Gautam Gems ,
532715,Gitanjali Gems ,
533189,Goenka Diamond & Jew ,
526729,Goldiam Internat ,
523676,Golkunda Diamond ,
530663,Goyal Associates ,
506184,Kanani Industries Lt ,
540953,Kenvi Jewels ,
534532,Lypsa Gems & Jewell ,
523373,Mini Diamonds ,
539220,Mishka Exim ,
519455,Narbada Gems & Jewel ,
526195,Neogem India Ltd ,
539116,O P Chains Ltd. ,
531626,Orosil Smiths India ,
541444,Palm Jewels ,
539401,Patdiam Jewellery Lt ,
534809,PC Jeweller L ,
540492,Pure Giftcarat ,
540125,Radhika Jeweltech ,
531500,Rajesh Exports L ,
532923,Renaissance Jeweller*,
540715,Sagar Diamonds ,
530525,Sheetal Diamonds ,
531506,Shukra Bullions ,
523826,Sovereign Diamon ,
533569,SRS Ltd. ,
523425,Sunraj Diamonds ,
526365,Swarnsarita Gems ,
512257,Swasti Vinayaka Art ,
534756,Tara Jewels Ltd. ,
533158,Thangamayil Jeweller*,
534369,Tribhovandas Bhimji*,
541338,U H Zaveri ,
539518,Uday Jewellery ,
532156,Vaibhav Global Ltd.*,
540252,Veeram Ornaments ,
512587,Zodiac JRD MKJ L ,
523395,3M India Ltd.*,
526707,Alchemist ,
526173,Andrew Yule & Co ,
523319,Balmer Lawrie & ,
539447,Beardsell Ltd. ,
500040,Century Textiles ,
505230,Cimmco ,
523367,DCM Shriram ,
532716,Gillanders Arbut ,
500300,Grasim Inds. ,
532770,Hanung Toys & Textil ,
511618,JIK Industries ,
502937,Kesoram Industri ,
500510,L&T*,
526235,Mercator Ltd. ,
513023,Nava Bharat Ventures*,
505355,Nesco Ltd.*,
502420,Orient Paper ,
506022,Prakash Indus.*,
500325,Reliance Inds.*,
590062,The Andhra Sugars ,
500575,Voltas Ltd. ,
539455,Deepti Alloy Ste ,
500031,Bajaj Electricals*,
517421,Butterfly Gandhima ,
531306,DHP India Ltd. ,
540699,Dixon Technologies*,
531608,Gorani Industrie ,
508486,Hawkins Cookers*,
505726,IFB Industries ,
541083,Inflame Appliances ,
505840,Jaipan Industrie ,
504269,Khaitan Electric ,
526671,Matra Kaushal Enter ,
526143,MPL Plastics ,
517224,Neulands Global Ind ,
531699,Super Domestic M ,
517385,Symphony ,
500418,Tokyo Plast Inte ,
517506,TTK Prestige L*,
500945,Value Industries Ltd ,
500238,Whirlpool of Ind ,
500219,Jain Irrigation ,
530449,Rungta Irrigatio ,
540079,Sprayking Agro Equip ,
531508,Eveready Industr*,
504176,High Energy Bat. ,
504058,Indo National ,
504093,Panasonic Energy Ind ,
526117,Shervani Ind.Syn ,
531592,Adi Rasayan Limi ,
524598,AksharChem (India) ,
506597,Amal Ltd.*,
532853,Asahi Songwon Colors ,
500027,Atul Ltd.*,
530197,Bagadia Colourch ,
530803,Bhageria Industries*,
524370,Bodal Chemicals ,
524440,Camex Ltd. ,
530191,Chromatic India ,
506390,Clariant Chemicals ( ,
530825,Daikaffil Chemic ,
524818,Dynamic Industri ,
532707,Dynemic Products ,
523586,Indian Toners*,
524458,Indo Euro Indchem ,
504092,Indokem Ltd. ,
531109,Ishan Dyes & Che ,
524592,J D Orgochem ,
506910,Jaysynth Dystuff ,
532967,Kiri Industries ,
524570,Poddar Pigments ,
507645,Polson Ltd. ,
531257,Pratiksha Chemic ,
506642,Sadhana Nitro ,
524336,Shree Hari Chem. ,
526335,Shreyas Intermed ,
506655,Sudarshan Chem. ,
506685,Ultramarine Pig.*,
531717,Vidhi Specialty Food ,
530627,Vipul Organics ,
524576,Vivid Global Industr*,
539939,Yash Chemex Ltd. ,
539807,Infibeam Avenues ,
500215,Agro Tech Foods Ltd. ,
519216,Ajanta Soya Ltd. ,
519383,Anik Industries ,
519174,Ashiana Agro Ind ,
519105,AVT Natural Prod*,
524332,BCL Industries ,
519477,CIAN Agro Industries ,
526285,Divya Jyoti Industri ,
539725,Gokul Agro Resources ,
532980,Gokul Refoils & Solv ,
524226,Guj. Amb.Exports*,
524614,Indian Extractio ,
507580,IVP ,
530915,JR Foods Ltd ,
519248,JVL Agro Industries ,
526423,Kriti Industries ,
533210,Kriti Nutrients ,
515059,Madhusudan Indus ,
507652,Mahavir Green Crop ,
519003,Modi Naturals ,
519494,N K Industries L ,
530119,Natraj Proteins ,
538547,Oasis Tradelink Ltd. ,
519439,Pioneer Agro Ext ,
519359,Poona Dal & Oil ,
531246,Prima Industries ,
519299,Prime Industries ,
531265,Progressive Extr ,
533093,Raj Oil Mills Ltd.*,
507649,Rasoi Ltd. ,
531522,Rasoya Proteins*,
519230,Richirich Inventures ,
509020,Ruchi Infrastructure ,
500368,Ruchi Soya Inds. ,
507663,Sagar Soya Prod. ,
532005,Sam Industries L ,
519260,Sanwaria Consumer*,
519242,Sarda Proteins L ,
531547,Tirupathi Indus ,
519303,Trombo Extractions ,
539132,Vegetable Products ,
531069,Vijay Solvex Ltd ,
519373,Vimal Oil & Food ,
541401,Arihant Institute ,
533260,Career Point ,
540403,CL Educate ,
532696,Educomp Solutions ,
506180,Emergent Global Edu ,
540062,Golden Crest Edu. ,
508918,Greycells Education ,
531840,IEC Education Ltd. ,
534312,MT Educare Ltd. ,
540497,S Chand & Company ,
539921,Shanti Educational I ,
540736,Siddharth Education ,
539682,Sylph Education Solu ,
533540,Tree House Education ,
532398,Usha Martin Educatio ,
539761,Vantage Knowledge ,
534741,Virtual Global Edu ,
509026,VJTF Eduservices ,
533287,Zee Learn Ltd. ,
500002,ABB India ,
534612,Advance Metering Tec ,
539196,Amba Enterprises ,
517481,Artech Power & Trad ,
500093,CG Power and Indust ,
531460,Continental Cont ,
539876,Crompton Greaves Con ,
532751,Easun Reyrolle L ,
532491,ECE Industries ,
504000,Elpro Internl. ,
532658,Eon Electric ,
530407,EPIC Energy Ltd. ,
533109,Euro Multivision Ltd ,
517354,Havells India ,
540136,HPL Electric & Power ,
517380,Igarashi Motors Indi*,
504080,JSL Industries ,
504076,Jyoti ,
504084,Kaycee Inds. ,
533193,Kirloskar Elect ,
517170,KLKElectrical ,
539599,Kotia Enterprises ,
504258,Lakshmi Elect. ,
506261,Modison Metals L ,
541301,Orient Electric ,
531888,Rexnord Electron ,
540358,RMC Switchgears ,
517059,Salzer Electr. ,
534139,Schneider Electric*,
517548,Starlite Compone ,
522085,Stone India ,
533298,Surana Solar ,
532051,Swelect Energy Syste ,
517201,Switching Tech. ,
504273,Tumus Ele Corp L ,
532953,V-Guard Ind.Ltd. ,
504220,W S Industries ,
517498,Websol Energy System ,
500246,Envair Electrodyne ,
522064,Honda Siel Power*,
533553,TD Power Systems Ltd ,
533655,Triveni Turbine ,
531047,Advance Powerinfra ,
517546,Alfa Transformer ,
532259,Apar Industries*,
503960,Bharat Bijlee ,
504008,Emco Ltd. ,
517571,IMP Powers ,
517467,Marsons Ltd. ,
531215,RTS Power Corpor ,
531201,Shilchar Technologie ,
539255,Star Delta Trans ,
533203,Tarapur Transformers ,
533644,Ujaas Energy ,
509488,Graphite India Ltd.*,
509631,HEG Ltd. ,
508941,Panasonic Carbon Ind ,
531233,Rasi Electrodes ,
540879,Apollo Micro Systems ,
517246,BCC Fuba India ,
500049,Bharat Electroni ,
517544,Centum Electronics L ,
523100,Cosmo Ferrites ,
504286,Delta Magnets Ltd. ,
504256,Deltron*,
517264,Fine Line Circu. ,
530343,Genus Power Infrastr*,
517288,Gujarat Poly Electro ,
504036,Hind Rectifiers ,
517370,Incap Ltd. ,
531889,Integrated Tech ,
517463,Linaks Micro Ele ,
538401,Maestros Electronics ,
540730,Mehai Technololgy ,
532850,MIC Electronics Ltd. ,
533581,PG Electroplast Ltd. ,
523289,Rama Vision ,
517035,Ruttonsha Intl. ,
500372,Samtel Color*,
500371,Samtel India ,
509015,Thakral Services (In ,
531404,Zicom Electronic ,
533292,A2Z Infra Engineer ,
513149,Acrow India ,
530621,Akar Auto Industries ,
505216,Alfred Herbert I*,
531112,Amaze Entertech ,
522134,Artson Engg. ,
532493,Astra Microwave*,
523850,Axtel Industries ,
522004,Batliboi Ltd. ,
532930,BGR Energy Systems ,
522105,Birla Precision Tech ,
522251,Cenlub Industrie ,
537326,Chemtech Industrial ,
533272,Commercial Engineers ,
533167,Coromandel Engg.*,
530643,Eco Recycling ,
526608,Electrotherm (In ,
522027,EMA India Ltd.*,
526614,Expo Gas Contain ,
522017,Fluidomat ,
505250,G G Dandekar Machine ,
540614,G G Engineering ,
539479,GTV Engineering ,
513337,Guj. Toolroom Lt ,
539854,Halder Venture ,
505720,Hercules Hoists ,
517080,High Ground Enterpri ,
509627,Hind. Dorr Olive ,
531661,Hittco Tools Ltd. ,
541353,Innovators Facade Sy ,
500214,Ion Exchange (India) ,
522183,ITL Industries ,
522245,IykotHitechToolroom ,
505212,Jainex Aamcol ,
505890,Kennametal India ,
505299,Kulkarni Power T ,
540115,L&T Technology Serv*,
505693,La Tim Metal & Ind ,
526604,Lippi Systems Li ,
532740,Lokesh Machines ,
539227,Loyal Equipments Ltd ,
505320,Lynx Machinery & ,
505324,Manugraph India Ltd. ,
523792,Mazda Ltd. ,
532629,McNally Bharat E ,
540519,Meera Industries ,
540150,Mewar Hi-Tech Engine ,
522036,Miven Machine Tools*,
504882,National Standard (I ,
517417,Patels Airtemp ,
539333,Pennar Engineered Bu ,
504132,Permanent Mag. ,
530381,Petron Engineeri ,
513519,Pitti Engineering ,
526043,Polymechplast Ma ,
500540,PremierLtd. ,
539359,Pritika Auto Ind. ,
539006,PTC Industries ,
522257,Rajoo Engineers ,
500360,Rapicut Carbides ,
537840,Raunaq EPC Intl. ,
526861,Rishi Laser Ltd. ,
540642,Salasar Techno Engin ,
531944,Servoteach Industrie ,
513709,Shilp Gravures L ,
541112,Shreeshay Engineers ,
523606,Sika Interplant ,
538562,Skipper Ltd. ,
500394,Solid Carbide To ,
522152,Solitaire Machin ,
541228,Taylormade Renewable ,
500411,Thermax*,
531972,Trident Tools Ltd. ,
522014,United Drilling Tool ,
522091,United Van Der ,
533269,Va Tech Wabag Ltd.*,
512229,Veritas (India) Ltd. ,
531663,Yuvraaj Hygiene Prod ,
532762,Action Construction ,
531681,Amradeep Industries ,
500028,ATV Projects ,
507944,Bajaj Steel Ind. ,
500048,BEML Ltd. ,
541143,Bharat Dynamics ,
500103,Bharat Heavy Ele*,
505690,Brady & Morris E ,
522292,Chandni Textiles Eng ,
500147,CMI FPE Ltd.*,
522001,Cranex Ltd ,
500068,Disa India Ltd.*,
523708,Eimco Elecon Ind ,
505700,Elecon Engg. ,
505255,GMM Pfaudler Ltd*,
522217,Gujarat Apollo Indus ,
541154,Hindustan Aeronautic ,
509692,Indian Card Clot ,
539083,Inox Wind Ltd. ,
505358,Integra Engineering ,
505737,Intl. Combustion ,
533033,ISGEC Heavy Eng*,
505750,Jost's Engg. ,
524109,Kabra Extrusion ,
522101,Kilburn Engg. ,
505302,Lakshmi Auto Lm. ,
500252,Lakshmi Machines ,
522205,Praj Industries*,
522042,S M Energy Teknik ,
530073,Sanghvi Movers L*,
505650,Skyline Millars ,
513575,Sterling Powergensys ,
504959,Stovec Indus. ,
532667,Suzlon Energy Ltd. ,
533281,Techno Electric & En ,
533326,Texmaco Rail & Engin ,
532966,Titagarh Wagons Ltd. ,
505854,TRF Ltd*,
522267,Veejay Lakshmi E ,
507410,Walchandnagar*,
522029,Windsor Machines ,
500480,Cummins India Lt*,
501455,Greaves Cotton*,
500243,Kirloskar Industries*,
533293,Kirloskar Oil Engine*,
500407,Swaraj Engines*,
531925,52 Weeks Ent. ,
530093,ACE Edutrend ,
539056,AdlabsEntertainment ,
532380,Baba Arts ,
532507,BAG Films & Media ,
532382,Balaji Telefilms Ltd ,
531420,BMB Music & Magnetic ,
535142,Channel Nine Enterta ,
532807,Cineline India ,
532324,Cinevista L ,
538786,Citizen Infoline ,
512018,CNI Research Ltd. ,
532392,Creative Eye ,
532640,Cyber Media (India) ,
533137,Den Networks Ltd. ,
540151,Diksat Transworld L ,
540789,Diligent Media Corp*,
532839,Dish TV India Ltd. ,
533176,DQ Entertainment (In ,
526483,Eduexel Infotainment ,
538684,Encash Entertainment ,
532700,Entertainment Networ ,
533261,Eros International M ,
537707,ETT L ,
523277,G V Films ,
506186,Galaxy Entertainment ,
541703,Ganesh Films India ,
590126,Gradiente Infotainme*,
540602,GTPL Hathway ,
509073,Hathway Bhawani Cabl ,
533162,Hathway Cable & Data ,
532706,Inox Leisure*,
531337,Iris Mediaworks ,
532033,Jain Studios Ltd ,
511092,JMD Ventures L ,
534623,Jupiter Infomedia Lt ,
531692,Khyati Multimedi ,
539910,Kome-on Communic ,
532081,KSS L ,
532275,Landmarc Leisure ,
512048,Luharuka Media & Inf ,
512267,Media Matrix Worldwi ,
540023,Millitoons Entertain ,
532357,Mukta Arts Ltd. ,
540366,Music Broadcast*,
532529,NDTV ,
532416,Next Mediaworks ,
531465,Nouveau Global Vent. ,
531996,Odyssey Corporation ,
535647,Onesource Techmedia*,
539015,Ortel Communications ,
539352,P B Films ,
532350,Padmalaya Tele ,
500329,Pentamedia Graph ,
521062,Perfect-Octave Media*,
532355,Picturehouse Media ,
532011,Pooja Entertainment ,
509077,Pressman Advertising ,
532748,Prime Focus ,
532387,Pritish Nandy Comm. ,
540159,Purple Entertainment ,
532689,PVR Ltd. ,
590070,Radaan Mediaworks(I) ,
532826,Raj Television Netwo ,
531583,Rap Media ,
530053,Real News & Views ,
540081,SAB Events & Governa ,
540821,Sadhna Broadcast ,
532092,Sagar Productions ,
503691,Sahara One Media & E ,
531898,Sanguine Media ,
532163,Saregama India Ltd. ,
533268,Sea TV Network Ltd. ,
512499,Shalimar Productions ,
538685,Shemaroo Entertainme ,
532795,SITI Networks ,
532025,Sowbhagya Media Ltd. ,
540084,Spicy Entertainment ,
530943,Sri Adhikari Bro ,
532733,Sun TV Network Ltd. ,
780008,Supernova Advt. ,
539310,Think Ink Studio ,
532375,Tips Industries ,
531712,Trilogic Digital M ,
532515,TV Today Network Ltd ,
540083,TV Vision ,
532800,TV18 Broadcast ,
539141,UFO Moviez India Ltd*,
532035,Unistar Multimedia ,
532378,Universal Arts Ltd. ,
526441,Vision Cinemas L ,
531668,Vision Corporation ,
505537,Zee Entertainment En*,
532794,Zee Media Corp*,
540750,Indian Energy Exchan ,
534091,MCX*,
504704,GKW L ,
506079,Lakshmi Precn.Sc ,
507998,Simmonds Marshal ,
530759,Sterling Tools L ,
532656,Facor Alloys Ltd. ,
500141,Ferro Alloys ,
513536,Gujarat Natural Res ,
532614,Impex Ferro Tech Ltd ,
522165,Indsil Hydro Power a ,
590078,Maithan Alloys Ltd. ,
532990,Metkore Alloys & Ind ,
532362,Nagpur Power ,
532731,Rohit Ferro-Tech ,
539252,Shyam Century Ferro ,
513005,VBC Ferro Allo ,
524687,Basant Agro Tech ,
531862,Bharat Agri Fert & R ,
500085,Chambal Fertilis ,
506395,Coromandel Internati*,
500645,Deepak Fertilisers ,
506405,Dharamsi Morar. ,
590024,Fertilisers & Ch ,
500690,GSFC ,
500670,Gujarat Narmada Vall ,
539175,Indra Industries ,
507794,Khaitan Chemical ,
590134,Madras Fertilize ,
530011,Mangalore Chem. ,
539917,Nagarjuna Fertilizer*,
523630,National Fertilizers ,
524037,Rama Phosphates ,
524230,Rashtriya Chemicals ,
506906,Saptak Chem And Busi ,
530433,Shiva Global Agro ,
590030,SPIC ,
524204,Teesta Agro Indu ,
534742,Zuari Agro Chemicals ,
540776,5Paisa Capital*,
538351,A F Enterprises*,
532057,Abhinav Capital Serv ,
538952,Abhinav Leasing ,
511756,Abirami Financia ,
538570,Achal Investments ,
539391,Acme Resources ,
511706,Action Financial ,
511359,Ad-Manum Finance ,
532056,Adinath Exim Res*,
540691,Aditya Birla Capital ,
532974,Aditya Birla Money L*,
539773,Advik Capital ,
511692,Ajcon Global Service ,
530499,AK Capital Services ,
538778,Akashdeep Metal Ind. ,
535916,Alacrity Securities ,
531082,Alankit ,
511463,Alexander Stamps ,
531156,Alfavision Over ,
532166,Alka Securities ,
531400,Almondz Global Secur ,
538423,Alps Motor Finance ,
538465,Amarnath Securities ,
531252,Aneri Fincap ,
531878,Anjani Finance Ltd. ,
531519,Ankush Finstock ,
539697,Anubhav Industrial ,
541133,Apex Home Finance ,
512437,Apollo Finvest ,
539545,Apoorva Leasing Fina ,
500014,Apple Finance Lt ,
512344,Aravali Securiti ,
540135,ARC Finance ,
511605,Arihant Capital ,
531017,Arihants Securit*,
531179,Arman Financial Serv ,
538556,Arman Holdings Ltd. ,
537069,Arnold Holdings ,
531560,Aroma Enterprises ,
538716,Aryaman Capital Mark ,
530245,Aryaman Financia ,
540024,Ashari Agencies ,
512247,Ashirwad Capital ,
530723,Asit C Mehta Financi ,
530187,Atharv Enterprises ,
540611,Au Small Finance Ban ,
509009,Ausom Enterprise ,
539177,Authum Investment ,
531310,Available Finance Lt ,
511589,Avonmore Capital ,
505506,Axon Ventures ,
523019,B N Rathi Securities*,
536965,B P Capital Ltd. ,
511724,Baid Leasing and ,
500034,Bajaj Finance L ,
532978,Bajaj Finserv Ltd.*,
500490,Bajaj Holdings & Inv*,
532485,Balmer Lawrie Invest ,
531591,Bampsl Securitie ,
509053,Banas Finance Lt ,
539621,BCL Enterprises ,
539546,Beekay Niryat ,
533095,Bengal & Assam Compa ,
531340,Bervin Investmen ,
531582,Beryl Securities ,
533303,BF Investment Ltd. ,
511501,Bharat Bhushan Fin.*,
533228,Bharat Financial Inc ,
512332,Birla Capital & Fin ,
532290,BLB Ltd. ,
531936,Blue Chip India ,
508939,Blue Circle Serv ,
539637,Blueblood Ventures L ,
531713,Bluechip Stockspin L ,
500069,BNK Capital Mark*,
539274,Boston Leasing ,
530249,Bridge Securitie ,
532113,Brijlaxmi Leasin ,
539434,Brilliant Portfolios ,
539873,Bronze Trading ,
540006,Bullish Bonds & Hold ,
539335,Callista Industries ,
539198,Capfin India ,
532938,Capital First ,
530879,Capital India Fin ,
538476,Capital Trade Links ,
511505,Capital Trust Lt ,
531595,Capri Global Capital*,
530789,CeejayFinance ,
501150,Centrum Capital*,
511710,CFSL L ,
531327,Charms Ind. Ltd ,
511696,Chartered Capita ,
531358,Choice Internati ,
511742,Chokhani Securit ,
511243,Cholamandalam Invest ,
530829,CIL Securities L ,
531235,Citi Port Financ ,
538433,Classic Global Fin ,
530839,CLIO Infotech ,
534691,Comfort Commotrade L ,
535267,Comfort Fincap ,
531216,Comfort Intech ,
539266,Concrete Credit Ltd. ,
500226,Consolidated Finvest ,
531067,Contil India Ltd. ,
539131,Crescent Leasing ,
530067,CSL Finance ,
501148,Dalal Street Inv ,
539770,Darjeeling Ropeway ,
530171,Daulat Securitie ,
530393,DB (International) ,
511611,DCM Financial ,
539190,Decillion Finance ,
531585,Devine Impex Ltd. ,
530765,Devki Leasing & ,
503637,Dhanleela Investment ,
538446,Dhanuka Commercial ,
540268,Dhanvarsha Finvest ,
511451,Dharani Finance ,
533336,Dhunseri Investments*,
540811,Diggi Multitrade ,
531153,Diligent Industries ,
505526,Dolat Investment ,
530779,Dynamic Portfoli ,
541053,East India Sec ,
511074,Easy Fincorp Ltd. ,
538708,Econo Trade (India) ,
532922,Edelweiss Fin. Ser ,
531278,Elixir Capital ,
538882,Emerald Leasing Fin ,
532737,Emkay Global Financi*,
512441,Enbee Trade & Fi ,
539844,Equitas Holdings Ltd*,
531502,Esaar (India) Li ,
540455,Escorp Asset Manage ,
511716,Escorts Finance ,
533149,Essar Securities ,
530571,Explicit Finance ,
508954,Finkurve Financial S ,
511122,First Custodian ,
536751,Five X Tradecom ,
532518,Florence Investech ,
534757,Focus Industrial Res ,
539839,Franklin Leasing & F ,
533213,Frontline Securi ,
523113,Futuristic Sec. ,
534063,Futuristic Solutions ,
538881,Galada Finance ,
540647,Ganges Securities ,
512443,Ganon Products ,
512493,Garnet International ,
538319,GCM Capital Advisors ,
535917,GCM Commodity & Deri ,
530389,Geefcee Finance ,
539486,Geetanjali Credit ,
531137,Gemstone Invest ,
532285,Geojit Financial*,
538788,Gilada Finance & ,
531758,GK Consultants ,
531199,Glance Finance L ,
530263,Global Capital Mark ,
531463,Global Infratech & F ,
531479,Global Land Masters ,
538787,Goenka Business ,
531600,Gogia Capital Servic ,
505576,Goldcrest Corp ,
539853,Golden Capital Serv ,
530579,Golden Goenka Fin ,
538180,Goldline Intl. ,
531360,Golechha Global ,
530709,Gowra Leasing & ,
531737,Greencrest Financial ,
511543,GSB Finance Lt ,
530469,GSL Securities ,
511441,Guj. Credit ,
531341,Guj. Investa ,
500174,Guj. Leasing Fin*,
530055,Harmony Capital*,
532855,Haryana Capfin Ltd. ,
531387,Hasti Finance Li ,
508956,HB Leasing ,
532216,HB Stockholding ,
539224,HCKK Ventures ,
500189,Hinduja Ventures ,
541179,ICICI Securities ,
532636,IIFL Holdings*,
514238,Ikab Securities ,
511208,IL&FS Investment Man ,
511628,IM+ Capitals ,
531672,Inani Securities ,
501295,Ind. Inv Trust ,
511473,Indbank Merchant ,
531505,Indergiri Financ ,
511355,India Cements Capita ,
535667,India Finsec Ltd. ,
500202,India Lease ,
535789,Indiabulls Housing F ,
532960,Indiabulls Ventures ,
501700,IndiaNivesh ,
532745,Inditrade Capital*,
501298,Indl.&Prud.Invst*,
530747,Indo Asia Finance ,
526887,Indo Credit Capi ,
533676,Indo Thai Securities ,
541336,Indostar Capital Fin ,
531841,Indus Finance ,
533315,Innovassynth Investm ,
526871,Intec Capital ,
531314,Integra Capital ,
539149,Integrated Capital*,
500212,IntegratedFinSer ,
534732,Intellivate Cap. Adv ,
506134,Intellivate Capital ,
511391,Inter Globe Fin. ,
539692,Interactive Fin. ,
539938,Intercontinental Lea ,
533506,Inventure Growth & S ,
540526,IRB InvIT Fund*,
526859,ISF Ltd. ,
511609,ISL Consulting ,
538422,Jackson Investments ,
530601,Jagsonpal Financ ,
531550,Jhaveri Credits ,
530405,Jindal Capital L ,
539947,Jindal Leasefin ,
536773,Jindal Poly Investme ,
523062,JJ Finance Corporat ,
523405,JM Financial Ltd.*,
531861,Joindre Capital ,
530985,JPT Securities ,
532642,JSW Holdings*,
503669,K K Fincorp ,
511728,K Z Leasing & Financ ,
533302,Kalyani Investment*,
532468,Kama Holdings Ltd. ,
539679,Kapil Raj Finance ,
538928,Karnavati Finance Lt ,
501151,Kartik Investments ,
530357,KBS India L ,
530701,KDJ Holidayscapes ,
507948,Key Corp Ltd. ,
512597,Keynote Corporat ,
531612,KGN Industries Ltd. ,
531892,Khandwala Securi ,
507946,Kiduja India Ltd. ,
535566,KIFS Financial Serv ,
537750,Kiran Vyapar ,
532304,KJMC Corporate Advi ,
530235,KJMC Financial Serv. ,
530771,KLG Capital Serv ,
511138,Kothari World Fin. ,
530139,Kreon Financial Serv ,
539384,Krishna Capital ,
531206,Kwality Credit & ,
533519,L&T Finance Holdings*,
540026,Ladam Affordable ,
530577,Ladderup Finance ,
531288,Lead Financial S ,
540360,Leading Leasing Fin ,
511593,Libord Finance Ltd. ,
531027,Libord Securities ,
539927,Likhami Consulting ,
507912,LKP Finance Ltd. ,
540192,LKP Securities ,
590082,Lohia Securities Ltd ,
526935,M B Parikh Finstocks ,
532720,M&M Fin.Services*,
511000,Madhusudan Secur ,
524000,Magma Fincorp Ltd.*,
523384,Maha Rashtra Ape ,
531515,Mahan Industries ,
530441,Mahanivesh (Ind) ,
505523,Maharashtra Corp ,
531213,Manappuram Finance*,
505850,Mangal Credit & Fin ,
537800,Mangalam Industrial ,
511758,Mansi Finance ,
500206,Margo Finance ,
526891,Market Creators ,
540749,Mas Financial Servic ,
511768,Master Trust Ltd. ,
511688,Mathew Easow Res ,
500271,Max Financial Servic ,
539981,Max India ,
539940,Max Ventures and Ind ,
532852,McDowell Holdings Lt ,
538834,Meenakshi Enterprise ,
531176,Mefcom Capital M ,
531417,Mega Corporation ,
511377,Mehta Integrated ,
511738,Mehta Securities ,
538942,Mercantile Ventures ,
526251,Mid East Portfol ,
511018,Milgrey Finance ,
532164,Minolta Finance ,
509760,Modern Shares & Stoc*,
537092,Modex Internatio ,
511551,Monarch Networth Cap ,
535910,Money Masters Leasin ,
505343,Monotype India ,
530167,Moongipa Capital ,
539199,Moongipa Securities ,
511549,Morarka Finance ,
526237,Morgan Ventures Ltd. ,
532892,Motilal Oswal Financ ,
501343,Motor & General ,
500450,MPIL Corporation*,
531919,Mudit Finlease L ,
530341,Mukesh Babu Fina ,
504356,Multipurpose Trading ,
531821,Munoth Financial ,
511766,Muthoot Capital ,
533398,Muthoot Finance ,
512279,N2N Technologies ,
532895,Nagreeka Capital & I ,
532952,Nahar Capital & Fina ,
531212,Nalin Lease Fina*,
532256,Nalwa Sons Investmen ,
538395,Nam Securities ,
540204,Narendra Investments ,
539595,Natco Economicals ,
539521,Navigant Corporate A ,
538668,Naysaa Securities ,
531452,NCC Finance Limi ,
530557,NCL Research ,
511535,NDA Securities ,
539016,Neil Industries*,
532798,Network 18 Media & I*,
523209,Nicco Uco Allian ,
531272,Nikki Global Fin ,
539311,Nishtha Fin. & Inv. ,
512381,Nivedita Mer&Fin ,
538772,Niyogin Fintech ,
530127,NPR Finance Limi ,
512489,Oasis Securities ,
533632,Onelife Capital Adv ,
530805,Onesource Ideas ,
540386,Ontic Finserve ,
531254,Optimus Finance ,
531512,Orient Tradelink ,
501179,Oscar Investment ,
500317,Oswal Agro Mills ,
500143,P H Capital Ltd. ,
523862,Pacheli Indl. Fin ,
532900,Paisalo Digital L ,
540648,Palash Securities ,
511525,Pan India Corporatio ,
538860,Panafic Industrials ,
506122,Pankaj Piyush Trade ,
531255,Paragon Finance ,
538646,Parnami Credits Ltd. ,
511702,Parsharti Invest ,
511734,Pasupati Fincap ,
535658,Pawansut Holdings ,
531352,Peeti Securities ,
539883,Pilani Investmen ,
507864,Pioneer Investco ,
534060,PMC Fincorp ,
532366,PNB Gilts Ltd. ,
512481,Polytex India Lt ,
500337,Prime Securities ,
531688,Prithvi Exchange ,
511557,Pro Fin Capital Serv ,
512105,Proaim Enterprises ,
540703,Provestment Services ,
505502,PS IT Infrastructure ,
533344,PTC India Financial ,
538647,Purshottam Investofi ,
539962,Quest Financial Ser. ,
539090,Rajputana Investment ,
538540,Ramchandra Leasing ,
530925,Ramsons Projects ,
505800,Rane Holdings Ltd.*,
501351,Rapid Investment ,
538611,Real Touch Finance ,
531033,Regal Enter.&Con. ,
540175,Regency Investments ,
511585,Regency Trust Lt ,
500111,Reliance Capital ,
540767,Reliance NipLifeAML ,
532915,Religare Enterprises ,
531324,Roselabs Finance ,
512047,Royal India Corp ,
511626,RR Financial Consult ,
539875,RSD Finance ,
530289,S P Capital Financin ,
536710,S R G Securities Fin ,
540132,Sabrimala Industries ,
531448,Safal Securities ,
539660,Sahyog Multibase ,
538557,Sai Baba Investment ,
530265,Sainik Finance & Ind ,
511066,Sakthi Finance ,
530025,Samyak International ,
534618,Sangam Renewables ,
540822,Santosh Industries ,
531781,Sapan Chemicals ,
512020,Saras.Commercial ,
530993,Sarthak Global Ltd. ,
506313,Sashwat Technocrats ,
533259,Sastasundar Ventures ,
539404,Satin Creditcare ,
536592,Satkar Finlease ,
531160,Saumya Capital ,
539218,Saumya Consultants ,
511577,Savani Financial ,
538857,Scintilla Commercial ,
530867,SFL International ,
511754,Shalibhadra Fin. ,
512393,Shardul Securities L ,
540725,Share India Securiti ,
538212,Sharp Investments ,
539593,Shivansh Finserve ,
539833,Shivom Inv.&Consult ,
541358,Shree Worstex ,
532007,Shreevatsaa Fina ,
538897,Shri Niwas Leasing ,
531359,Shriram A M C ,
532498,Shriram City Uni ,
511218,Shriram Trans.Fi ,
505515,Shyamkamal Inves ,
530907,SI Capital & Fin ,
530439,Siddha Ventures Ltd. ,
521194,SIL Investments Ltd. ,
532029,Sindhu Trade Links ,
512589,Sita Enterprises ,
531169,SKP Securities ,
539494,Smart Finsec L ,
532419,Smartlink Holdings*,
508905,SMIFS Capital Ma ,
511571,Som Datt Finance ,
538943,Sonal Mercantile ,
538891,South India Projects ,
540211,Sparkling (India) ,
540570,Spring Fields Infra ,
538402,SPS Finquest ,
523756,SREI Infrastructure ,
539217,Srestha Finvest ,
536799,SRS Finance Ltd. ,
539026,SSPN Finance L ,
531723,Stampede Capital ,
511700,Standard Capital ,
506105,Stanrose Mafatla*,
533316,STEL Holdings ,
536738,Stellar Capital Serv ,
531509,Step Two Corporation ,
538714,Suchitra Fin & Trade ,
511654,Sugal & Damani Share ,
508969,Sulabh Eng.&Ser. ,
530419,Sumedha Fiscal S ,
530445,Sumeru Industries Lt ,
533306,Summit Securities ,
531752,Sun Techno Overseas ,
590071,Sundaram Finance ,
531433,Sungold Capital ,
540168,Supra Pacific Manage ,
530677,Supreme Holdings ,
503624,Svaraj Trd & Age ,
503659,SW Investments ,
530585,Swastika Investmart ,
539278,Symbiox Investment ,
526506,Systematix Corpo ,
533170,Tamboli Capital*,
501301,Tata Investment*,
532284,TCFC Finance Ltd ,
501242,TCI Finance*,
509945,Thacker & Compan ,
530023,The Investment Trust ,
538464,Thirani Projects ,
531652,Thirdwave Financ ,
504973,TI Financial Holding*,
511559,Times Guaranty ,
530045,Titan Securities ,
531644,Tokyo Finance Li ,
538607,Toyam Industries ,
532410,Transcorp Inter ,
532812,Transwarranty Financ ,
511730,TRC Financial Se ,
531568,Tridev Infraestates ,
531658,Trijal Industries ,
534755,Trio Mercantile & Tr ,
538597,TTI Enterprise Ltd. ,
540762,Tube Investments*,
526921,Twentyfirst Cent*,
539874,Ujjivan Financial ,
531091,United Credit Li ,
507808,United Leasing & Ind ,
531963,Universal Credit & S ,
511764,Upasana Finance ,
531390,Upsurge Investme ,
511507,Ushakiran Financ ,
511110,V B Desai Finan. ,
532320,Vaarad Ventures ,
538918,Vani Commercials ,
530109,Vantage Corp.Ser ,
500439,Vardhman Holdings ,
511493,VCK Capital Ma ,
531950,Vertex Securitie ,
538732,Vibrant Global Capit ,
537820,Viji Finance ,
531025,Visagar Financial ,
538565,Vistar Amar*,
511333,VLS Finance L ,
509038,Voltaire Leasing & F ,
501370,Walchand Peoplefirst ,
511147,Wall Street Fina ,
532053,Wallfort Financi ,
511690,Warner Multimedia Lt ,
533452,Weizmann Forex*,
533252,WelspunInvestments ,
519214,Williamson Finan ,
519224,Williamson Magor ,
511012,Yamini Investments ,
511601,Yash Man.&Satlt. ,
508900,Zenith Capitals ,
532215,Axis Bank Ltd.*,
541153,Bandhan Bank*,
532210,City Union Bank ,
532772,DCB Bank ,
532180,Dhanlaxmi Bank ,
500469,Federal Bank ,
500180,HDFC Bank*,
532174,ICICI Bank*,
539437,IDFC Bank*,
532187,IndusInd Bank ,
532209,Jammu & Kashmir Bank*,
532652,Karnataka Bank ,
590003,Karur Vysya Bank*,
500247,Kotak Mahindra Bank*,
534690,Lakshmi Vilas Ba*,
540065,RBL Bank*,
532218,South Indian Ban*,
580001,Standard Chartered P ,
532648,YES Bank Ltd.*,
532480,Allahabad Bank ,
532418,Andhra Bank ,
532134,Bank of Baroda*,
532149,Bank of India ,
532525,Bank of Maharash*,
532483,Canara Bank ,
532885,Central Bank*,
532179,Corporation Bank*,
532121,Dena Bank*,
500116,IDBI Bank Ltd.*,
532814,Indian Bank*,
532388,Indian Overseas*,
500315,Oriental Bank of*,
533295,Punj. & Sind Ban ,
532461,Punj. NationlBak ,
500112,SBI*,
532276,Syndicate Bank*,
532505,UCO Bank*,
532477,Union Bank of In ,
533171,United Bank of I ,
532401,Vijaya Bank*,
539017,Akme Star Housing ,
511196,Can Fin Homes ,
531556,Coral India Finance ,
511413,Crest Ventures ,
511072,Dewan Housing ,
511676,GIC Housing Fi*,
511288,GRUH Finance Li ,
500010,HDFC*,
523465,Ind Bank Housing ,
530979,India Home Loan ,
500253,LIC Housing Fi ,
511740,Mehta Housing Fi ,
511176,Parshwanath Corp ,
540173,PNB Housing Finance ,
540709,Reliance Home Fin ,
535322,Repco Home Finance L ,
511533,Sahara Housingfina C ,
534680,SRG Housing Finance ,
531650,Vax Housing Fin. ,
540777,HDFC Standard Life ,
540133,ICICI Pru Life*,
540719,SBI Life Insurance ,
540716,ICICI Lombard Gen.*,
540769,The New India Assur ,
540755,General Ins. Corp. ,
532160,Guj. State Finan ,
540530,HUDCO ,
532659,IDFC L ,
500106,IFCI Ltd. ,
532810,Power Finance Co ,
532955,Rural Electrific ,
526650,Tourism Finance*,
532854,Nitin Fire Protectio ,
523650,Redex Protech ,
538858,CamsonBioTechnology ,
526445,Indrayani Biote. ,
531832,Nagarjuna Agrite ,
519560,Neha Internation ,
532803,Pochiraju Industries ,
523164,SIP Industries ,
519183,ADF Foods Ltd. ,
507525,Amrit Corp. Ltd. ,
511153,Anjani Foods ,
540692,Apex Frozen Foods ,
519295,Bambino Agro Ind ,
500825,Britannia Ind.*,
519475,Chordia Food Product ,
540681,Chothani L ,
519588,DFM Foods Limi*,
523672,Flex Foods ,
507552,Foods & Inns ,
500676,GlaxoSmithKlineConsu*,
540743,Godrej Agrovet L*,
538542,Goldcoin Health ,
531531,Hatsun Agro Prod ,
519552,Heritage Foods ,
526899,Himalaya Food Inter ,
519126,Hind. Food ,
540850,Jhandewalas Foods ,
539225,Jiya Eco Products Lt ,
533155,Jubilant Foodworks L ,
519415,KMG Milk Food ,
500458,Kore Foods ,
507474,Kothari Ferment. ,
507598,Kovilpatti Lakshmi*,
531882,Kwality ,
523475,Lotus Chocolate ,
519612,Mahaan Foods Lim ,
541352,Megastar Foods ,
507621,Milk Food ,
519287,Modern Dairies ,
541418,Nakoda Group Of Ind ,
500790,Nestle India ,
517554,NHC Foods ,
531598,Nimbus Foods Industr ,
540405,Oceanic Foods ,
530741,Ovobel Foods Ltd ,
539889,Parag Milk Foods ,
539351,Prabhat Dairy ,
540724,Prataap Snacks ,
507300,Ravalgaon Sugar ,
530617,Sampre Nutrition ,
519238,Saptarishi Agro ,
540728,Sayaji Industries ,
526081,SC Agrotech Ltd. ,
519031,Shah Foods Ltd. ,
540757,Sheetal Cool Product ,
538520,Shivamshree Business ,
532961,Sita Shree Food Prod ,
532143,SKM Egg Produc ,
531982,Spectrum Foods ,
524542,Sukhjit Starch & ,
530953,Sunil Agro Foods ,
530735,Super Bakers (India) ,
540332,Tanvi Foods (India) ,
519285,Tarai Foods Limi ,
519091,Tasty Bite*,
540955,Tasty Dairy Speciali ,
524582,Tirupati Starch ,
519367,Transglobe Foods ,
531716,Tricom Fruit Product ,
500231,Umang Dairies Ltd. ,
526113,Uniroyal Marine ,
524408,Universal Starch ,
532765,Usher Agro Ltd. ,
519152,Vadilal Enterprises ,
519156,Vadilal Indus. ,
531518,Vikas Proppant & Gra ,
539113,Paul Merchants ,
513117,Amforge Inds. ,
500493,Bharat Forge*,
532847,Hilton Metal Forging ,
513509,Kalyani Forge*,
533007,LGB Forge Ltd. ,
522241,M M Forgings Ltd. ,
532756,Mahindra CIE Auto ,
513335,Metalyst Forgings ,
513532,Pradeep Metals ,
513369,Rajkumar Forge ,
532527,Ramkrishna Forgings ,
533411,Sanghvi Forging & En ,
532643,Shree Ganesh Forging ,
531962,Shree Metalloys ,
513418,Smiths & Founders ,
515030,Asahi India Glass*,
502219,Borosil Glass ,
509525,Empire Inds. ,
523768,Guj. Borosil Ltd*,
515147,Haldyn Glass ,
515145,Hind. NationalGl ,
523467,Jai Mata Glass L ,
526947,La Opala RG Ltd. ,
515043,Saint-Gobain Sekurit*,
532993,Sejal Glass ,
522215,Swiss Glascoat ,
502281,Triveni Glass L. ,
537524,Viaan Industries ,
513729,Aro Granite Indu*,
514171,Ceeta Industries ,
526315,Divya Shakthi Gr ,
526705,Elegant Marbles ,
513528,Glittek Granites ,
513723,Himalaya Granite ,
531129,Inani Marbles & ,
539119,Jain Marmo Indus ,
515093,Madhav Marbles & Gra ,
526570,Midwest Gold ,
531338,Milestone Global ,
531049,Neelkanth Rockmi ,
532817,Oriental Trimex ,
531281,P G Industry Ltd ,
523483,Pacific Industri ,
532486,Pokarna Ltd. ,
526095,Ravileela Granites ,
540072,Shiva Granito Export ,
513699,Solid Stone Company ,
515081,Sri Vajra Granites L ,
508869,Apollo Hospitals ,
540788,Aspira Pathlab & Dia ,
540975,Aster DM Healthcare ,
523489,Chennai Meenakshi Mu ,
531043,Dhanvantri Jeeva ,
526504,Dolphin Medical ,
526783,Dr. Agarwal's Ey ,
539524,Dr. Lal Pathlabs Ltd*,
541299,Dr. Lalchandani Labs ,
524588,Emed.com Techn.Ltd ,
532843,Fortis Healthcare ,
523696,Fortis Malar Hospita ,
539787,Healthcare Global En ,
532150,Indraprastha Med ,
540812,Kids Medical Systems ,
524520,KMC Speciality Hospi ,
523323,Kovai Medical*,
534422,Looks Health Service ,
532998,Lotus Eye Hospital ,
526301,Medinova Diagnostic ,
530897,N G Industries Ltd. ,
539551,Narayana Hrudayalaya*,
516110,Scandent Imaging ,
540797,Shalby ,
539378,Soni Medicare L ,
539428,Tejnaksh Healthcare ,
539871,Thyrocare Tech.*,
523269,Advani Hotels*,
500016,Aruna Hotels Ltd. ,
533227,Asian Hotels (East) ,
500023,Asian Hotels (North)*,
533221,Asian Hotels (West) ,
509438,Benares Hotels ,
508664,Best Eastern Hot ,
531495,Blue Coast Hotels L ,
532992,CHL Ltd. ,
526373,Cindrella Hotels ,
526550,Country Club Hospita ,
531198,Dhanada Corporation ,
523127,EIH Associated*,
500840,EIH Ltd.*,
503831,Fomento Resorts ,
509546,Graviss Hospitality ,
507960,Guj. Hotels Ltd. ,
532145,H S India L ,
500193,Hotel Leela Ven. ,
526683,Hotel Rugby Limi ,
526761,Howard Hotels Li ,
532189,India Tourism De ,
500850,Indian Hotels Co ,
526558,James Hotels Lim ,
507981,Jindal Hotels ,
526668,Kamat Hotels (In ,
541233,Lemon Tree Hotels ,
530065,Lords Ishwar Hotels ,
507836,Mac Charles*,
533088,Mahindra Holidays*,
500314,Oriental Hotels ,
531816,Panoramic Universal*,
539273,Pecos Hotels & Pubs ,
537839,Phoenix Township ,
526687,Polo Hotels Limi ,
507966,Ras Resorts ,
532124,Reliable Ventures In ,
532699,Royal Orchid Hotels ,
526640,Royale Manor Hot ,
512634,Savera Industries ,
523710,Sayaji Hotels Lt ,
523023,SinclairsHotels ,
534425,Speciality Restauran ,
531322,Sri Havisha Hospital ,
526500,Sterling Greenwoods ,
532390,Taj GVK Hotels & Res*,
532845,TGB Banquets ,
531373,The Byke Hospitality ,
523878,Total Hospitality ,
531088,Tulip Star Hotels Lt ,
526755,Velan Hotels Lim ,
523796,Viceroy Hotels L ,
539659,Vidli Restaurants Lt ,
505533,Westlife Development*,
526959,Woodsvilla ,
522650,Bemco Hydraulics ,
505242,Dynamatic Techno*,
522108,Yuken India ,
506528,Keltech Energies ,
526247,Premier Explos. ,
532725,Solar Industries Ind*,
509449,Bhagawati Oxygen ,
509470,Bombay Oxygen ,
524624,Gagan Gases Limi ,
532514,Indraprastha Gas Ltd ,
523457,Linde India ,
507813,National Oxygen ,
532884,Refex Industries ,
531364,Aqua Pumps Infra ,
531297,Artefact Projects Lt ,
539301,Arvind SmartSpaces ,
532759,Atlanta Ltd. ,
534816,Bharti Infratel Ltd. ,
535693,Brahmaputra Infra ,
538770,Crane Infrastructure ,
541302,Dhruv Consultancy ,
532959,Gammon Infrastructur*,
541546,Gayatri Highways ,
539009,GBL Industries ,
532425,Genus Prime Infra Lt ,
532754,GMR Infrastructure L ,
533289,Kesar Terminals & In ,
533482,Kridhan Infra ,
532778,Lanco Infratech Ltd. ,
539126,MEP Infrastructure*,
531192,Midas Infra Trade ,
532481,NoidaTollBridge ,
532676,PBA Infrastructure L ,
531855,Prabhav Industries L ,
532718,Pratibha Industries ,
531802,Prerna Infrabuild Lt ,
534597,RattanIndia Infra ,
538919,Skyline Ventures ,
532746,Unity Infraprojects ,
517096,Aplab ,
517174,Honeywell Automation*,
500550,Siemens Ltd. ,
532628,3i Infotech*,
526881,63 Moons Technologie ,
540874,7Seas Entertainment ,
512161,8K Miles Software ,
519319,Aashee Infotech ,
531161,ABM Knowledgeware ,
532774,Accel Frontline ,
532268,Accelya Kale Solut ,
531525,ACE Software E*,
532172,Adroit Infotech ,
531429,Advent Computer ,
500463,AGC Networks*,
530713,Ajel Ltd. ,
532875,Allied Digital Servi ,
536820,Amber Fabrics L ,
530565,Archana Software ,
526433,ASM Technologies Ltd ,
511144,Asya Infosoft*,
517429,Athena Global Techno ,
538713,Atishay L*,
532668,Aurionpro Solutions ,
512149,AvanceTechnologies ,
532406,Avantel Ltd. ,
531268,B2B Soft.Tech.Ltd. ,
532336,Baron Info ,
511664,BGIL Films & Technol ,
533499,Bharatiya Global Inf ,
531175,BLS Infotech*,
539122,Bodhtree Consulting ,
532386,California Softw ,
532801,Cambridge Technology ,
512169,CapricornSystemsGlbl ,
531682,CAT Techn. Ltd ,
538734,Ceinsys Tech ,
531621,Centerac Technologie ,
531489,CG-VAK Software ,
534758,Cigniti Technologies*,
532342,Commex Technology*,
538922,Cosyn L ,
534920,Covidh Technologies ,
512093,Cranes Software Int. ,
512379,Cressanda Solutions ,
532332,Cura Technologies ,
532271,Cybermt Infotek ,
532173,Cybertech System ,
532175,Cyient Ltd. ,
532329,Danlaw Technologies ,
532528,Datamatics Global Se*,
526443,Datasoft Applic. ,
530801,Diamond Infosystems ,
526927,Dion Global Solution ,
532365,Dynacons Systems ,
531533,E.com Infotech ,
535694,Edynamics Solutions ,
517477,Elnet Technologi ,
532666,FCS Software Sol.Ltd ,
532379,Firstobject Technolo ,
540945,Focus Suites Solutio ,
532403,Fourth Gen.Inf.Sys. ,
531225,Frontier Informatics ,
539169,Funny Software Ltd. ,
532139,G-Tech Info-Training ,
506109,Genesys Int.Corp. ,
533048,GI Engineering Solut ,
540654,GlobalSpace Techno ,
531439,Goldstone Tech ,
780002,Gracious Software ,
532951,GSS Infotech ,
532281,HCL Technologies*,
533525,Healthfore Tech. ,
532129,Hexaware Technologie ,
532859,Hinduja Global Solut ,
532359,Hit Kit Global Solut ,
539724,Hypersoft Technolog. ,
512405,i Power Solutions In ,
519463,IB Infotech ,
531524,ICSA-India Ltd. ,
532414,IKF Technologies ,
509051,Indian Infotech ,
531565,Indo Pacific Project ,
532100,Indo-City Infotech L ,
533154,Infinite Computer So ,
530703,Info-Drive Softw*,
500209,Infosys*,
537985,Infronics Systems ,
536868,Integra Telecom ,
538835,Intellect Design*,
532326,Intense Technologies ,
532072,Interworld Digital L ,
532341,IZMO ,
538837,Jeevan Scientific ,
534659,Jointeca Education S ,
519602,Kellton Tech Solutio ,
532686,Kernex Microsystems ,
532400,KPIT Technologies ,
540005,L&T Infotech ,
532019,LCC Infotech Ltd ,
517415,Lee Nee Software ,
532368,Lycos Internet ,
539383,Mahaveer Infoway Ltd ,
539289,Majesco L*,
523704,Mastek Li ,
532408,Megasoft Ltd. ,
539012,Megri Soft ,
532307,Melstar Inform. ,
517344,Mindteck (India) ,
532819,MindTree Ltd. ,
532407,Moschip Semicond.Tec ,
526299,MphasiS Ltd.*,
532411,MPS Infotecnics ,
538743,Mudunuru L ,
530811,Net Vista Venture ,
509040,Netlink Solutions (I ,
540900,Newgen Software Tech*,
538874,Nexus Commoditie ,
531083,Nihar Info Global Lt ,
532541,NIIT Technologies ,
539843,Nintec Systems Ltd. ,
531209,Nucleus Software*,
535657,ObjectOne Inform ,
540416,Octaware Technologie ,
530175,Odyssey Technolo ,
539570,OFS Technologies Ltd ,
532340,Omni Ax's Software ,
517536,Onward Technolog*,
532466,Oracle Financial Ser*,
532521,Palred Technologies ,
511597,Palsoft Infosys ,
533179,Persistent Systems ,
531769,PFL Infotech Ltd. ,
532254,Polaris Consulting ,
535719,Quest Softech (India ,
539678,Quick Heal Technolog*,
532866,Quintegra Solutions*,
532735,R Systems Internat. ,
530951,Ram Info ,
532370,Ramco Systems Lt*,
538273,Response Informatics ,
540590,Riddhi Corp. Service ,
541151,Ridings Consulting ,
500366,Rolta India ,
517447,RS Software (India) ,
532316,S Kumars Online Ltd. ,
540143,Sagarsoft (India) ,
590051,Saksoft Ltd. ,
532972,Sankhya Info ,
532663,Sasken Technologies ,
526544,Scanpoint Geomatics ,
531980,Senthil Infotek ,
590128,ShreeTulsiOnline.com ,
532344,Softsol India ,
532221,Sonata Software*,
533121,SQS India BFSI ,
531616,Starcom Information ,
508998,Sterling Internation ,
532348,Subex Ltd.*,
523722,Svam Software Li ,
532890,Take Solutions Ltd.*,
532790,Tanla Solutions ,
532540,Tata Consultancy ,
500408,Tata Elxsi Ltd.*,
532755,Tech Mahindra Ltd. ,
501421,TechNVision Ventures ,
533982,Tera Software ,
517562,Trigyn Technolog ,
523387,Triton Corp Ltd. ,
531917,Twinstar Industries ,
540189,Unipro Technologies ,
531831,Unisys Software ,
532402,USG Tech Solutions ,
511431,Vakrangee ,
536672,VCU Data Management ,
533056,Vedavaag Systems ,
532354,Virgo Global ,
532372,Virinchi L ,
531126,VirtualSoft Systems ,
780016,Web Element Solution ,
532373,WEP Solutions ,
507685,Wipro Ltd*,
532616,Xchanging Solutions ,
533339,Zen Technologies Ltd ,
504067,Zensar Technologies*,
532883,Zylog Systems ,
532633,Allsec Technologies*,
532395,AXISCADES Engineer ,
530809,BNR Udyog ,
532927,eClerx Services ,
540063,ECS Biztech ,
532809,Firstsource Solution*,
532761,HOV Services Ltd. ,
504810,InformedTechnologies ,
533181,Intrasoft Technologi ,
540735,IRIS Business Servic ,
541196,Lex Nimble Solutions ,
530595,TeleCanor Global Ltd ,
502893,United Interactive L ,
512175,Vama Industries Ltd. ,
511642,Wisec Global Ltd ,
517356,ACI Infocom Ltd. ,
532919,Allied Computers Int ,
532694,Bartronics India Ltd ,
532413,Cerebra Integrat ,
507833,Computer Point*,
524388,Crazy Infotech Ltd. ,
534674,Ducon Infratech ,
500179,HCL Infosystem ,
517119,PCS Technology ,
532805,Redington (India) Lt*,
517393,Vintron Informat ,
517399,VXL Instrument ,
517164,Zenith Computers ,
532475,Aptech Ltd. ,
532339,Compucom Softwr ,
517063,Jetking Infotrain Lt ,
500304,NIIT Ltd. ,
532806,AI Champdany Industr*,
539120,Bangalore Fort Farms ,
526817,Cheviot Co Ltd ,
526179,Ludlow Jute & Specia ,
530973,Alfa Ica (India) ,
539223,Ambition Mica ,
531227,Deco-Mica L ,
538979,Greenlam Industries*,
531859,Oriental Veneer*,
533470,Rushil Decor Ltd. ,
509423,Sanathnagar Enterpri ,
526951,Stylam Industries ,
526843,Atlanta Devcon ,
500043,Bata India*,
526666,Bhartiya Interna ,
526468,Euro Leder Fash ,
540775,Khadim India ,
532829,Lawreshwar Polymers ,
526596,Liberty Shoes Li ,
539400,Mallcom (India) L ,
531680,Mayur Leather Pr ,
526642,Mirza International ,
530173,Oscar Global Ltd ,
526481,Phoenix Intl. ,
530517,Relaxo Footwears ,
514412,Sarup Industries ,
535601,Sreeleathers Ltd. ,
523842,Super Tannery ,
523283,Superhouse Ltd. ,
512595,Unimode Overseas ,
526525,Worldwide Leathe ,
533212,GKB Ophthalmic ,
524754,Guj. Meditech ,
531328,Kretto Syscon ,
519566,Simran Farms Lim ,
523261,Venky's (India) Ltd. ,
500003,Aegis Logistics Ltd.*,
532749,Allcargo Logistics*,
506074,Arshiya ,
506159,Asis Logistics L ,
520127,Balurghat Techno ,
538566,Best Steel Logistics ,
531977,Chartered Logistics ,
540798,Future Supply Chain ,
530259,InterStateOilCar ,
540311,JITF Infralogistics ,
539841,Lancer Container Lin ,
540768,Mahindra Logistics L*,
539332,Navkar Corporation L ,
541206,Orissa Bengal Carrie ,
526381,Patel Integrated Log ,
540738,Shreeji Translogisti ,
520086,Sical Logistics ,
538635,Snowman Logistics Lt*,
520155,Starlog Enterprises ,
540212,TCI Express*,
536264,Tiger Logistics (Ind ,
539118,VRL Logistics Ltd.*,
526829,Confidence Petroleum ,
539336,Gujarat Gas ,
524675,Kabsons Industries ,
539957,Mahanagar Gas ,
539219,Mauria Udyog ,
538707,Rajasthan Cylinders ,
526873,Rajasthan Gases ,
500870,Castrol India ,
523232,Continental Petr ,
506480,GOCL Corporation ,
538567,Gulf Oil Lubricants ,
524444,Kavit Industries ,
540401,Maximus Intl. ,
507609,Olympic Oil Industri ,
590005,Tide Water Oil*,
517552,Advanced Microni ,
531380,Centenial Surgic ,
537536,Denis Chem Lab L ,
523844,Invicta Meditek Ltd. ,
540468,KMS Medisurgi ,
532391,Opto Circuits India ,
531768,Poly Medicure Lt ,
524502,Raaj Medisafe India ,
524602,Shiva Medicare L ,
524727,Span Divergent ,
526139,Transgene Biotek ,
513142,Balasore Alloys ,
530615,Garg Furnace Lim ,
531913,Gopal Iron & Steels ,
532078,Monnet Industrie ,
513119,ABC Gas (Internation ,
513502,Baroda Extrusion ,
526027,Cubex Tubings Lt ,
517372,Guj. Intrux ,
513599,Hind. Copper ,
513544,Mardia Samyoung ,
523539,Precision Wires ,
522281,Ram Ratna Wires ,
537254,RCI Industries & Tec ,
532455,Shalimar Wires Ind. ,
532914,Arcotech Ltd. ,
531590,Bilpower Ltd. ,
533282,Gravita India Ltd. ,
531648,Mahavir Industries ,
513721,MFS Intercorp ,
530129,Nile ,
513498,Southern Magnesi ,
538733,Starlit Power System ,
504966,Tin Plate Co. ,
500426,UTL Industries ,
500188,Hind. Zinc ,
523754,EPC Industrie Ltd. ,
533022,20 Microns Ltd. ,
527001,Ashapura Min. Lt ,
502015,ASI Industries ,
531336,Auroma Coke Limi ,
533278,Coal India ,
512068,Deccan Gold Mines ,
512369,Ennore Coke ,
513579,Foundry Fuel Pro ,
532181,Guj. Mineral Dev ,
533047,Indian Metal & F ,
531778,Kachchh Minerals Ltd ,
540680,KIOCL ,
533286,MOIL Ltd. ,
526371,NMDC Ltd. ,
590086,Orissa Minerals Deve ,
526662,Rajdarshan Indus ,
504918,Sandur M & I Ore ,
512289,Shirpur Gold Refiner ,
512449,SVC Resources ,
500295,Vedanta ,
532921,Adani Ports & Speci*,
526849,Banaras Beads Li ,
500059,Binani Industrie ,
501827,Cenntral ProvRai ,
526546,Choksi Lab. Ltd ,
540903,CRP Risk Management ,
532848,Delta Corp Ltd. ,
539596,Delta Industrial Res ,
523618,Dredging Corpora*,
540790,Eastern Gases Li ,
533400,Future Consumer ,
532622,Gateway Distriparks*,
532777,Info Edge (India) ,
509709,Intl. Coveyors ,
523752,IO System Ltd. ,
538765,JLA Infraville Shopp ,
537784,Karnimata Cold Stora ,
531687,Karuturi Global Ltd. ,
533790,KGN Enterprises ,
504392,Krishna Ventures Ltd ,
519279,Madhur Ind.Ltd ,
539229,Majestic Research Se ,
532623,N R International Lt ,
531834,Natura Hue Chem ,
523558,Network Ltd. ,
500307,Nirlon ,
534190,Olympic Cards Ltd. ,
780017,Parnav Sports Academ ,
509084,Photon Capital Advis ,
538731,Powerhouse Gym ,
519262,Prima Agro Ltd. ,
526009,Procal Electroni ,
531412,Radix Industries ,
515127,Ramasigns Industries ,
524480,Riddhi Siddhi Gluco ,
523116,Sanco Trans ,
540782,Sanghvi Brands ,
533001,Somi Conveyor Beltin ,
532669,Southern Online Bio ,
532872,Sun Pharma Advanced*,
539268,Syngene Internationa ,
533200,Talwalkars Better Va ,
530997,Unique Organics*,
519307,Vikas WSP ,
524394,Vimta Labs Ltd. ,
541167,Yasho Industries ,
533257,Indosolar Ltd. ,
523218,Kilburn Office Auto. ,
523204,Aban Offshore ,
526397,Alphageo (India) ,
530355,Asian Oilfield S ,
532760,Deep Industries ,
522261,Dolphin Offshore Ent ,
531471,Duke Offshore Lt ,
532155,GAIL (India) Ltd. ,
500186,Hind. Oil Explor ,
526512,Interlink Petro ,
511034,Jindal Drilling ,
534184,Nagarjuna Oil Refine ,
533106,Oil India Ltd. ,
500312,ONGC ,
530075,Selan Exploratio ,
512417,Trinity Tradelink ,
539982,Advance Syntex ,
532828,AMD Industries Ltd. ,
530899,Asia Pack ,
526853,Bilcare Ltd. ,
539043,BKM Industries ,
539986,Commercial Syn Bags ,
508814,Cosmo Films*,
531989,Deccan Polypacks ,
526703,Ecoplast  L ,
533161,Emmbi Industries ,
532787,Ess Dee Aluminium Lt ,
500135,Essel Propack Ltd. ,
500136,Ester India ,
532684,Everest Kanto Cylind ,
533638,Flexituff Internatio ,
500655,Garware Poly. ,
526717,Gopala Polyplast ,
513507,Guj. Containers ,
523836,Guj. Raffia Indu ,
530315,Hind. Tin Works ,
509820,Huhtamaki PPL ,
500227,Jindal Poly Films ,
516078,Jumbo Bags Ltd ,
504840,Kaira Can Co. ,
531780,Kaiser Corporation ,
507779,Kanpur Plasti. ,
526067,KCCL Plastic ,
530421,Kuwer Industries ,
532932,Manaksia Ltd. ,
526263,Mold-Tek Technologi. ,
523820,Neo Corp Internation*,
513121,Oricon Enterprises L ,
531280,Pankaj Polymers ,
526435,Perfectpac ,
524051,Polyplex Corpn. ,
539354,Polyspin Exports ,
526494,Promact Plastics ,
530281,Quantum Digital Vis. ,
532692,Radha Madhav Corpora ,
533608,RDB Rasayans Ltd. ,
523021,Rishi Techtex ,
502448,Rollatainers Ltd ,
539922,Rotographics (India) ,
526554,Salguti Industries L ,
526137,Shetron Ltd ,
532310,Shree Rama Multi ,
530931,Stanpacks (India ,
539842,Sysco Industries Ltd ,
532856,Time Technoplast Ltd ,
513063,Trans Freight Co ,
500148,Uflex Ltd.*,
526799,Union Quality Pl ,
534796,Urbaknitt Fabs ,
530403,Vallabh Poly-Pla ,
524038,Venlon Enterprises ,
590013,Xpro India Ltd.*,
530063,Yashraj Containeurs ,
500710,Akzo Nobel India Ltd*,
500820,Asian Paints Ltd.*,
509480,Berger Paints I*,
509597,Hardcastle & Waud ,
500165,Kansai Nerolac Paint*,
523782,Mitshi India L ,
509874,Shalimar Paints ,
530299,Kothari Products ,
526813,Raghunath Intern ,
519457,Virat Crane Indu ,
516020,Agio Paper & Industr ,
532397,Arms Paper ,
540824,Astron Paper & Board ,
539251,Balkrishna Paper Mil ,
500102,Ballarpur Ind. ,
534535,Bio Green Papers ,
530859,Cosboard Industr ,
540361,Danube Industries L ,
533208,Emami Paper Mill*,
531813,Ganga Papers India L ,
538961,Genus Paper & Boards ,
526751,Gratex Industrie ,
502330,International Paper*,
532162,JK Paper Ltd. ,
530255,Kay Power And Paper ,
532937,Kuantum Papers ,
536170,Kushal L ,
532896,Magnum Ventures Ltd. ,
532728,Malu Paper Mills ,
500159,Metroglobal ,
530169,Mohit Paper Mill ,
516082,N R Agarwal Indu*,
502407,Nath Pulp ,
530733,Nova Publications ,
539785,Pudumjee Paper Produ*,
523523,Rainbow Papers ,
500357,Rama Paper Mills ,
502587,Rama Pulp & Pap. ,
532785,Ruchira Papers Ltd. ,
531436,Saffron Industries L ,
516096,Sangal Papers Li ,
516032,Sarda Papers ,
539201,Satia Industries ,
533401,Servalakshmi Paper L ,
502450,Seshasayee Paper*,
538795,Shree Ajit Pulp ,
516106,Shree Karthik Pa ,
500388,Shree Krishna Pa ,
516086,Shree Rajeshwara ,
500356,Shree Rama Newsprint ,
516016,Shreyans Inds. ,
533019,Simplex Papers Ltd.*,
541633,Sophia Traexpo ,
516108,South India Pape ,
532701,Sree Sakthi Paper Mi ,
516022,Star Paper Mills ,
530495,Stratmont Industries ,
532070,Sumuka Agro Ind ,
531426,T Nadu Newsprint ,
502589,Vapi Enterprise ,
531234,Victory Paper & ,
500444,West Coast Paper ,
516030,Yash Papers ,
523120,Ador Multiproduc ,
533229,Bajaj Corp Ltd.*,
500830,Colgate Palm. ,
500096,Dabur India ,
531162,Emami Ltd. ,
507815,Gillette India Ltd. ,
532424,Godrej Consumer Prod ,
500164,Godrej Industries Lt*,
500696,Hindustan Unilever L ,
506522,J L Morison (India) ,
532771,JHS Svendgaard Labor ,
532926,Jyothy Laboratories ,
539276,Kaya L*,
531642,Marico Ltd.*,
526622,MFL India ,
500459,P&G Hygiene&Health ,
507970,Paramount Cosmet ,
540717,Polo Queen Industria ,
541601,Rajnish Wellness ,
532034,Safal Herbs L ,
540108,Tiaan Ayurvedic & He ,
531211,Wellness Noni ,
531335,Zydus Wellness Ltd.*,
524288,Aimco Pesticides ,
532935,Aries Agro Ltd. ,
533138,Astec Lifesciences L*,
506285,BayerCropscience*,
531719,Bhagiradha Chemi ,
590021,Bharat Rasayan ,
507717,Dhanuka Agritech Ltd*,
532511,Excel Crop Care Ltd.*,
500650,Excel Industries ,
532764,GeeCee Ventures ,
532851,Insecticides (India)*,
532067,Kilpest India Lt ,
532865,Meghmani Organics*,
524084,Monsanto India ,
524709,NACL Industries L*,
532742,Paushak Ltd.*,
524808,Phyto Chem (Indi ,
523642,PI Industries*,
500355,Rallis India*,
538666,Sharda Cropchem ,
539148,Shivalik Rasayan ,
530883,Super Crop Safe ,
531173,Syschem (India) ,
524156,TCM Ltd. ,
512070,UPL ,
500117,DCW Ltd. ,
523736,Dhunseri Petrochem L*,
500120,Diamines & Chem. ,
509567,Goa Carbons ,
532702,GujaratStatePetronet ,
532522,PetronetLNG ,
531454,Polylink Polymer ,
500358,Rama Petrochem ,
524667,Savita Oil Tech ,
513642,Axel Polymers Li ,
500052,Bhansali Engg.Po ,
500940,Finolex Industri ,
506858,Guj. Petrosynthe ,
524013,Hind. Flurocarbo ,
506222,INEOS Styrolution*,
500268,Manali Petrochem ,
500730,NOCIL Ltd. ,
506605,Polychem ,
540203,Sheela Foam ,
512453,Shri Jagdamba Poly ,
512131,Signet Industries ,
500405,Supreme Petroche ,
524488,SVC Industries ,
532948,Tulsi Extrusions Ltd ,
524412,Aarey Drugs & Ph ,
524348,Aarti Drugs Ltd*,
539528,Aayush Food & Herbs ,
500488,Abbott India Ltd. ,
531686,Advik Laboratori ,
532331,Ajanta Pharma Lt ,
524075,Albert David Ltd ,
506235,Alembic Ltd.*,
533573,Alembic Pharmaceutic*,
539523,Alkem Laboratories ,
532878,Alpa Laboratories Lt ,
500009,Ambalal Sarabhai ,
590006,Amrutanjan Health Ca ,
540694,ANG Lifesciences Ind ,
506260,Anuh Pharma Ltd ,
540616,Artemis Global Life ,
506820,AstraZeneca Pharma I ,
530233,Auro Labs ,
524804,Aurobindo Pharma ,
524516,Bacil Pharma ,
532989,Bafna Pharmaceutical ,
539872,Bajaj Healthcare ,
524824,Bal Pharma Ltd ,
524828,BDH Industries ,
524606,Beryl Drugs Ltd. ,
524663,Bharat Immunolog*,
541096,Bharat Parentera ,
532523,Biocon ,
524396,Biofil Chemicals ,
506197,Bliss GVS Pharma ,
530207,Brawn Biotech ,
533543,Brooks Laboratories ,
532321,Cadila Healthcar*,
524742,Caplin Point Lab ,
532871,Celestial Biolabs Lt ,
506365,Chemo Pharma Lab ,
500087,Cipla ,
531210,Colinz Laborator ,
524752,Combat Drugs Lim ,
538965,Concord Drugs ,
524506,Coral Labs. ,
531521,Desh Rakshak Aus ,
540695,Dhruv Wellness ,
506414,DIL ,
540701,Dishman Carbogen Amc ,
532488,Divi's Lab ,
500124,Dr. Reddy's Labs ,
507265,Emerald Leisures ,
540596,Eris Lifesciences ,
524790,Everest Organics ,
531599,FDC Ltd. ,
533896,Fervent Synergies L*,
539730,Fredun Pharma ,
539680,Ganga Pharmaceutical ,
531739,Gennex Laboratories ,
500660,GlaxoSmithKline Phar*,
532296,Glenmark Pharma ,
530317,Godavari Drugs ,
532482,Granules India L ,
509079,Gufic BioSciences Lt ,
524314,Guj. Terce Labor ,
506879,Guj. Themis Bios ,
524669,Hester Biosciences L*,
524735,Hikal Ltd. ,
524652,Ind-Swift L ,
532305,Ind-Swift Laboratori ,
532612,Indoco Remedies ,
524164,IOL Chemicals and Ph ,
524494,Ipca Laboratorie*,
524400,Ishita Drugs & I ,
506943,J B Chemicals & Phar ,
507789,Jagsonpal Pharma ,
524731,Jenburkt Pharmac ,
530019,Jubilant Life Scienc*,
524322,Kabra Drugs Ltd. ,
524604,Kamron Labs. ,
530163,Kerala Ayurveda Ltd. ,
524500,Kilitch Drugs(I) ,
524280,Kopran Ltd ,
524518,Krebs Biochemicals & ,
539997,Kwality Pharmaceutic ,
524202,Lactose (India) ,
530313,Laurel Organics ,
540222,Laurus Labs ,
531633,Lincoln Pharmace ,
500257,Lupin Ltd.*,
500259,Lyka Labs ,
506919,Makers Lab. ,
532637,Mangalam Drugs ,
524404,Marksans Pharma ,
531146,Medicamen Biotec ,
540937,Medico Remedies ,
500126,Merck Ltd. ,
538964,Mercury Laboratories ,
500288,Morepen Labs.Lt ,
524816,Natco Pharma ,
532649,Nectar Lifesciences ,
524558,Neuland Laborat*,
524774,NGL Fine-Chem Li ,
524414,Norris Medicines ,
500672,Novartis ,
524764,Nutraplus India ,
524372,Orchid Pharma ,
539287,Ortin Laborator. ,
531349,Panacea Biotec L ,
531726,Panchsheel Organ ,
533211,Parabolic Drugs Ltd. ,
524689,Parenteral Drugs ,
540359,Parmax Pharma ,
506128,Parnax Lab L ,
500680,Pfizer Ltd. ,
523620,Phaarmasia Ltd. ,
524572,Pharmaids Pharma ,
500302,Piramal Enterprises*,
532979,Piramal Phytocare ,
531207,Raymed Labs Limi ,
526075,Rekvina Laborato ,
530991,Roopa Industries ,
532983,RPG Life Sciences*,
531099,Rubra Medicament ,
524636,S S Organics Ltd. ,
532905,Saamya Biotech (Indi*,
530125,Samrat Pharma ,
524703,Sandu Pharmaceut ,
539392,Sang Froid Labs (I) ,
531569,Sanjivani parant ,
500674,Sanofi India ,
532021,Senbo Industries ,
512529,Sequent Scientific ,
532908,Sharon Bio-Medicine ,
530549,Shilpa Medicare L ,
524632,Shukra Pharma ,
531219,Shyama Infosys Ltd. ,
540686,Smruthi Organics ,
540679,SMS Lifesciences Ind ,
532815,SMS Pharmaceuticals ,
541540,Solara Active Pharma ,
531398,Source Natural Foods ,
512299,Sterling Biotech Ltd ,
532531,Strides Pharma Scien ,
524715,Sun Pharma. ,
530239,Suven Life Sciences*,
531637,Sword & Shield P ,
524470,Syncom Formul. ,
533157,Syncom Healthcare Lt ,
530199,Themis Medicare Ltd. ,
500420,Torrent  Pharmac*,
500422,Transchem L ,
536565,Trimurthi L ,
531846,Trinity League India*,
507747,TTK Healthcare Ltd.*,
532384,Tyche Industries ,
506690,Unichem Labs*,
531762,Unjha Formulatio ,
540729,Vanta Bioscience ,
511523,Veerhealth Care ,
526953,Venus Remedies L ,
530477,Vikram Thermo (I ,
524711,Vista Pharmaceut ,
530057,Vivanza Biosciences ,
532660,Vivimed Labs ,
524212,Wanbury ,
524661,Welcure Drugs & ,
524758,Wintac Ltd. ,
532300,Wockhardt Ltd.*,
530665,Zenith Healthcare ,
530697,Zenlabs Ethica ,
532039,Zenotech Laboratorie ,
541400,Zim Laboratories ,
523144,Medi Caps ,
524654,Natural Capsules ,
537253,Sunil Healthcare ,
530427,Choksi Imaging*,
532624,Jindal Photo ,
526588,Photoquip (India ,
524610,Rathi Graphic Te ,
508571,Cochin Malabar ,
530261,Arcuttipore Tea ,
519532,Asian Tea Export ,
500024,Assam Company ,
508136,B&A Ltd. ,
501425,Bombay Burmah*,
519600,CCL Products India ,
538902,Dhunseri Tea & Indus*,
530959,Diana Tea Compan ,
500166,Goodricke Group*,
500467,Harrisons Malaya ,
538564,James Warren Tea ,
509715,Jayshree Tea*,
538092,Joonktollee Tea ,
541005,Kanco Tea & Industri ,
508306,Ledo Tea Company ,
526568,Longview Tea ,
530689,Lykis L ,
532654,McLeod Russel*,
508670,Neelamalai Agro ,
519528,Norben Tea & Exp*,
533168,Rossell India ,
532301,Tata Coffee Ltd. ,
500800,Tata Global Beverage ,
530533,Terai Tea Compan ,
526945,Tyroon Tea Compa ,
508494,Warren Tea ,
514428,Hind. Adhesives ,
523712,JMG Corporation Ltd. ,
531761,Apollo Pipes ,
520121,Arcee Industries ,
530429,Ashish Polyplast ,
532830,Astral Poly Technik ,
509486,Caprihans India ,
538817,Captain Pipes Ltd. ,
536974,Captain Polyplast L ,
517437,Dutron Polymers ,
530921,Integrated Therm ,
530145,Kisan Mouldings ,
531397,Polycon Internat ,
514442,Sri KPR Industries ,
530611,Sturdy Industries ,
533164,Texmo Pipes & Produc ,
533629,Tijaria Polypipes Lt ,
531673,Anka India ,
516064,Arrow Greentech ,
532330,Biopac India*,
526731,Bright Brothers ,
526689,Fenoplast Ltd ,
507910,Fiberweb (India) ,
531111,Gothi Plascon*,
526217,Hitech Corporation ,
530777,Infra Industries ,
523840,Innovative Tech ,
500220,Jasch Industries ,
526001,Jauss Polymers L ,
506530,Kemp & Company ,
531609,KG Petrochem Ltd. ,
524019,Kingfa Science & Tec ,
526409,Kkalpana lndustries ,
523652,Kkalpana Plastick ,
523594,Kunststoffe Inds ,
523248,Machino Plastics ,
522249,Mayur Uniquoters ,
541337,Milestone Furniture ,
540078,Mitsu Chem Plast ,
533080,Mold-Tek Packaging ,
526169,Multibase India Ltd. ,
526616,National Plastic ,
531287,National Plastic Tec ,
523385,Nilkamal Ltd. ,
539200,Noble Polymers ,
526415,OK Play India Ltd. ,
523260,Pearl Polymers ,
500327,Pil Italica Lifestyl ,
523648,Plastiblends Ind*,
532934,PPAP Automotive ,
523874,Precision Containeur ,
530589,Prima Plastics L ,
505509,Responsive Industrie ,
526193,Royal Cushion Vi ,
523025,Safari Indus.*,
501423,Shaily Engineering P*,
540653,Sintex Plastics Tech ,
509930,Supreme Inds. ,
506863,Swadeshi Industr ,
540904,Tirupati Foam Lt ,
526582,TPL Plastech Ltd. ,
534639,Vinayak Polycon Int. ,
507880,VIP Indus. ,
526586,Wim Plast Ltd*,
530133,Amco India Ltd. ,
538546,Bansal Roofing Produ ,
526355,Duropack Ltd ,
514354,Premier Polyfilm ,
530111,Raj Packaging In ,
540693,Shish Industries ,
526901,Sonal Adhesives ,
507785,Tainwala Chem. ,
530401,Vinyoflex Li ,
541450,Adani Green Energy*,
533096,Adani Power Ltd.*,
532430,BF Utilities Ltd. ,
500084,CESC Ltd. ,
532219,Energy Developme ,
539013,Gita Renew. Energy ,
526025,Globus Power Gen ,
517300,Guj. Industries ,
532708,GVK Power & Infrastr ,
536709,Ind Renewable Energy*,
532894,Indowind Energy Ltd. ,
532627,Jaiprakash Power Ven ,
533148,JSW Energy Ltd.*,
533451,Karma Energy ,
532997,KSK Energy Ventures ,
533098,NHPC ,
513683,NLC India L*,
532555,NTPC ,
533263,Orient Green Power C ,
532524,PTC India ,
503127,Raja Bahadur Interna ,
533122,RattanIndia Power ,
504341,Ravindra Energy Ltd. ,
500390,Reliance Infrastruct ,
532939,Reliance Power L*,
534598,SE Power ,
539410,Sinner Energy India ,
533206,SJVN Ltd. ,
517403,Sun Source (Indi ,
532874,Suryachakra Power Co ,
500400,Tata Power Co.*,
532779,Torrent Power Ltd.*,
503657,Veer Energy & Infras ,
541445,Waa Solar ,
539254,Adani Transmission L*,
533321,Bil Energy Systems L ,
532309,GE Power India*,
522275,GE T&D India*,
540565,India Grid Trust ,
532717,Indo Tech Transforme ,
513250,Jyoti Structures*,
522287,Kalpataru Power*,
532714,KEC International Lt ,
532887,Neueon Towers ,
532898,Power Grid Corpo ,
511447,Sylph Technologies L ,
532928,Transformers & Recti ,
532757,Voltamp Transformers*,
531157,Organic Coatings ,
526715,Antarctica Ltd. ,
532212,Archies Ltd. ,
533151,DB Corp ,
500089,DIC India*,
531259,Esha Media Research ,
539228,Gala Global Products ,
533217,Hindustan Media Vent ,
532662,HT Media ,
509069,Infomedia Press*,
530787,Inland Printers ,
532705,Jagran Prakashan ,
531413,Kiran Print Pack ,
523207,Kokuyo Camlin*,
531241,Linc Pen & Plast ,
532440,MPS Ltd.*,
508989,Navneet Education*,
526325,Orient Press Ltd ,
532687,Repro India Ltd.*,
511630,Sambhaav Media Ltd. ,
526725,Sandesh ,
533166,Sundaram Multi P ,
523301,TCPL Packaging ,
531830,Todays Writing Inst ,
541503,Unick Fix-A-Form ,
540144,DRA Consultants ,
532178,Engineers India ,
539098,Filtra Consultants & ,
539407,Generic Engineering ,
538539,J. Taparia Projects ,
539686,K P Energy Ltd. ,
532097,Mukand Engineers ,
531092,OM Metals Infraproje ,
523151,Otco Internation*,
539302,Power Mech Projects ,
534675,Prozone Intu Propert ,
523445,Reliance Ind.Inf*,
539346,Sadbhav Infrastructu ,
540786,Sharika Enterprises ,
532945,Shriram EPC Ltd.*,
500402,SPML Infra ,
532711,Sunil Hitech Enginee ,
538496,Tarini International ,
533216,Technofab Engineerin ,
505285,Tulive Developers Lt ,
526987,Urja Global ,
526711,Adarsh Plant Pro ,
539176,Hawa Engineers L ,
500241,Kirloskar Bros.*,
500249,KSB Pumps*,
517500,Roto Pumps Ltd ,
531431,Shakti Pumps (In ,
505872,WPIL Ltd. ,
500547,Bharat Petroleum ,
526652,Cals Refineries Ltd. ,
500110,Chennai Petro. ,
532543,GP Petroleums ,
500104,Hind. Petrol ,
530965,Indian Oil Corp ,
500109,Mangalore Refine*,
533309,Dalmia Bharat ,
540774,IFGL Refractories*,
502250,Marathwada Refra ,
523160,Morganite Crucible ( ,
502294,Nilachal Refrctr ,
534076,Orient Refractories ,
502271,Raasi Refrac. ,
539837,Raghav Productivity ,
530267,Saboo Brothers L ,
520113,Vesuvius India ,
536507,Future Lifestyle ,
535755,Aditya Birla Fashion ,
523574,Future Enterprises ,
532732,Kewal Kiran Clothing*,
532647,Provogue (India) ,
532679,SORIL Infra Resource ,
500251,Trent Ltd.*,
532867,V2 Retail ,
540146,Aditya Consumer Mark ,
540376,Avenue Supermarts ,
540064,Future Retail L ,
524622,iStreet Network ,
540901,Praxis Home Retail L ,
534708,RCL Retail Ltd. ,
532638,Shoppers Stop*,
537392,Taaza International ,
540210,The Mandhana Retail ,
534976,V Mart Retail*,
540205,Aditya Vision ,
540956,Bhatia Communication ,
541545,Talwalkars Lifestyle ,
523694,Apcotex Industries L*,
530545,Cosco (India) ,
531346,Eastern Treads L ,
509152,GRP L ,
509162,Indag Rubber*,
509196,M M Rubber Company ,
514450,Mahalaxmi Rubtec ,
500333,Pix Transmission ,
526492,Rishiroop L ,
500367,Rubfila Internationa ,
530475,Tinna Rubber and Inf ,
530369,Vamshi Rubber Li ,
530961,Vikas Ecotech L ,
540025,Advanced Enzyme Tech ,
537292,Agri-Tech (India) ,
540071,Camson Seeds L ,
532041,Hindustan Bio Scienc ,
541304,Indo Us Bio-Tech ,
536493,JK Agri Genetics Ltd ,
532899,Kaveri Seed Company ,
539275,Mangalam Seeds ,
537291,Nath Bio-Genes*,
519479,Omega Ag Seeds ,
539470,Shree Ganesh Bio-Tec ,
524717,Titan Biotech Ltd. ,
511509,Vivo Bio Tech Ltd. ,
541402,Affordable Robotic ,
526187,Ashram Online.com Lt ,
540073,BLS International Se ,
534804,CARE Ratings ,
538674,City Online Services ,
500092,Crisil*,
500142,FGP Ltd. ,
530885,Five Core Exim ,
532835,ICRA Ltd.*,
521167,Inanna Fashion ,
535648,Just Dial*,
540756,Kaarya Facilities ,
540704,Matrimony.com*,
539978,Quess Corp ,
541556,Rites Ltd. ,
540843,Rithwik Facility Man ,
537068,Satya Miners and Tra ,
540673,Security and Intelli ,
540259,Shangar Decor ,
539658,TeamLease Service*,
531279,Trishakti Electr ,
532682,ABG Shipyard ,
532609,Bharati Defence ,
540678,Cochin Shipyard ,
533248,Gujarat Pipavav Port ,
526931,Hariyana Ship-Br ,
537669,L P Navel and Engeer ,
533107,Reliance Naval*,
533427,VMS Industries Ltd. ,
501833,Chowgule Steam. ,
533704,Essar Shipping ,
501848,Global Offshore Ser ,
500620,Great Eastern*,
526807,Seamec Ltd. ,
526508,Shahi Shipping ,
523598,Shipping Corpn. ,
520151,Shreyas Shipping & L ,
538812,Aanchal Ispat Ltd. ,
538365,Adhunik Industries ,
539018,Beekay Steel Indus ,
520081,Eastcoast Steel Ltd. ,
533264,Electrosteel Steels ,
512135,Ensa Steel Ind. ,
533265,Gallantt Ispat Ltd. ,
500228,JSW Steel ,
539992,Lloyds Steels Ind. ,
539044,Manaksia Steels ,
533008,OCL Iron & Steel ,
532604,SAL Steel ,
513548,Sharda Ispat Ltd ,
533110,Shree Precoated Stee ,
500113,Steel Authority ,
534748,Steel ExchangeIndia ,
541701,Supershakti Metaliks*,
534733,Supremex Shine Steel ,
500470,Tata Steel*,
532804,Technocraft Industri ,
532721,Visa Steel ,
513452,Elango Industrie ,
532001,Inducto Steel Li ,
532508,Jindal Stainless*,
541195,Mishra Dhatu Nig ,
500460,Mukand Ltd. ,
513511,Panchmahal Steel ,
513436,Shah Alloys ,
538610,Unison Metals Ltd. ,
517146,Usha Martin Ltd. ,
504988,Welcast Steels ,
513513,Aditya Ispat ,
540923,Ashoka Metcast ,
513361,India Steel Works Lt ,
532741,Kamdhenu L ,
532918,Rathi Bars Ltd. ,
500055,Bhushan Steel Ltd. ,
513554,Mahamaya Steel Indus ,
540080,Narayani Steels ,
538537,Omansh Enterprises ,
513403,P M Telelinks Ltd. ,
513228,Pennar Industrie ,
513558,Real Strips ,
531539,Rishabh Digha St ,
513295,Ruchi Strips ,
500399,Steelco Gujarat ,
500254,Uttam Value Steels ,
540697,A & M Febcon ,
534064,Alliance Integrated ,
590018,Hisar Metal Indu ,
539597,Jindal Stainless (Hi ,
533602,Lesha Industries ,
538963,Pact Industries ,
540727,Poojawestern Metalik ,
539226,Rudra Global Infra P ,
513097,Shivalik Bimetal ,
534392,Vardhman Special St ,
513422,Bloom Industries ,
512237,Jai Corp Ltd. ,
531810,Metal Coatings ( ,
513179,National Steel and A ,
513216,Uttam Galva Steels ,
513534,Vardhman Industr ,
500245,Kirloskar Ferrou*,
540744,Mideast Integrated ,
526093,Sathavahana Ispa ,
513605,Srikalahasthi Pipes ,
513434,Tata Metaliks ,
522273,Ahm. Steelcraft ,
513401,Ashiana Ispat ,
530095,Bhagwandas Metal*,
533275,Gyscoal Alloys Ltd. ,
532479,ISMT Ltd. ,
500235,Kalyani Steel*,
513456,Kanishk Steel In ,
513303,Modern Steels ,
531651,National Gen.Ind ,
504903,Rathi Steel & Power ,
522237,Shivagrico Imple ,
526981,Shri Bajrang All ,
513414,Splendid Metal Produ ,
500404,Sunflag Iron ,
513597,Surana Ind.Ltd ,
500265,Maha. Seamless ,
513460,Mahalaxmi Seam ,
530253,Rajasthan Tube ,
500365,RMG Alloy Steel ,
532727,Adhunik Metaliks ,
532870,Ankit Metal & Power ,
526847,Ashirwad Steels ,
500058,Bihar Sponge ,
539011,Chennai Ferrous Indu ,
532726,Gallantt Metal ,
532734,Godawari Power & Isp*,
532976,Jai Balaji Industrie ,
532286,Jindal St & Pwr ,
512455,Lloyds Metals & Ener ,
513446,Monnet Ispat & Energ ,
532650,MSP Steel & Power Lt ,
513566,Nova Iron & Stee ,
504614,Sarda Energy & Miner ,
511672,Scan Steels ,
518075,Suraj Products Ltd.*,
513010,Tata Sponge Iron*,
533576,Vaswani Industries L ,
533758,APL Apollo Tubes ,
526977,Crimson Metal Engine ,
513108,Gandhi Special*,
530655,Goodluck India ,
500378,Jindal Saw ,
534600,JTL Infra L ,
513269,Man Industries I ,
523832,Mukat Pipes ,
500313,Oil Country Tub. ,
533239,Prakash Steelage Ltd ,
513291,Premier Pipes ,
526801,PSL Ltd. ,
517522,Rajratan Global Wire*,
539309,Rama Steel Tubes Ltd ,
520111,Ratnamani Metals*,
513043,Remi Edelstahl Tubul ,
540082,Riddhi Steel and Tub ,
531638,Suraj*,
500336,Surya Roshni Ltd ,
513540,T Nadu Steel Tub ,
539798,Umiya Tubes Ltd. ,
513397,Vallabh Steel Lt ,
532144,Welspun Corp*,
531845,Zenith Birla (India) ,
533270,Bedmutha Industries ,
539799,Bharat Wire Ropes Lt ,
504713,Hind. Wires ,
532690,Ramsarup Industries*,
540393,Sarthak Metals ,
513488,Shree Steel Wire ,
540649,Avadh Sugar & Energy ,
500032,Bajaj HindusthanSuga ,
500038,Balrampur Chini ,
500041,Bannari Amman Su ,
500097,Dalmia Bharat Sugar ,
523369,DCM Shriram In ,
500119,Dhampur Sugar ,
531923,Dhampure Specialty S ,
507442,Dharani Sugars ,
532610,Dwarikesh Sugar ,
500125,EID Parry*,
500132,Empee Sugars ,
532183,GayatriSugars ,
507506,Girdharilal Suga ,
500319,Indian Sucrose L ,
533192,KCP Sugar & In ,
507180,Kesar Enterprise ,
532673,KM Sugar Mills ,
507190,Kothari Sugar ,
540650,Magadh Sugar & Energ ,
523371,Mawana Sugars Ltd. ,
532723,Monnet Project Devel ,
531065,Oswal Overseas L ,
541347,Parvati Sweetners ,
530305,Piccadily Agro I ,
507498,Piccadily Sugar ,
532460,Ponni Sugars (Erode) ,
500354,Rajshree Sugars ,
507490,Rana Sugars ,
507508,Riga Sugar Company ,
507315,Sakthi Sugars ,
532102,SBEC Sugar Lt ,
532670,Shree Renuka Sugars ,
539742,Simbhaoli Sugars ,
532879,Sir Shadilal Ent ,
507450,Thiru Arooran ,
532356,Triveni Eng.&Ind.Ltd ,
530363,Ugar Sugar Works ,
532729,Uttam Sugar Mills ,
523411,ADC India Communicat ,
532975,Aishwarya Tech.&Tele ,
533276,BS ,
532318,Gemini Communica ,
532775,GTL Infrastructure ,
500160,GTL Ltd. ,
500183,Himachal F. Comm ,
523610,ITI ,
590041,Kavveri Telecom Prod ,
532376,MRO-TEK Realty ,
511401,Munoth Communication ,
504112,Nelco Ltd*,
532439,Olectra Greentech ,
530135,Optiemus Infracom ,
540027,Prabhat Telecoms (In ,
517258,Precision Elect. ,
500346,Punj. Communica ,
517411,Shyam Telecom ,
517214,Spice Mobility L ,
537259,Suyog Telematics ,
526775,Valiant Communic ,
532788,XL Energy Ltd. ,
532454,Bharti Airtel ,
531775,Cistro Telelink Ltd. ,
532822,Idea Cellular Ltd. ,
500108,MTNL ,
511658,Nettlinx Ltd. ,
533015,Nu Tek India Ltd. ,
532944,OnMobile Global Ltd. ,
511116,Quadrant Televenture ,
532712,Reliance Com ,
500483,Tata Communications*,
532371,Tata Teleservices (M ,
540595,Tejas Networks ,
531928,Golden Carpets L ,
530841,Shri Bholanath Carp ,
523222,SRM Energy Ltd. ,
532230,Bengal Tea & Fab ,
502901,Jamshri Ranjits ,
500223,JCT Ltd. ,
502958,Lakshmi Mill Co. ,
514036,Loyal Textiles M ,
500264,Mafatlal Ind ,
530047,Mohota Industries L ,
519136,Nahar Indust.Ent ,
503169,Ruby Mills ,
521034,Soma Textiles ,
503349,Victoria Mills ,
514274,Aarvee Denims an ,
500101,Arvind Ltd. ,
500239,K G Denim Ltd. ,
532641,Nandan Denim ,
538119,R&B Denims Ltd. ,
530715,Alps Industries ,
538861,Amsons Apparels Ltd. ,
531467,Arnav Corporation ,
533068,Arrow Textiles Ltd. ,
532459,AUNDE India ,
532674,Bannari Amman Spinni ,
512477,Betex India Ltd. ,
533108,Bhilwara Technical ,
523054,Binayak Tex Processo ,
535620,Binny Mills Ltd. ,
533006,Birla Cotsyn (India) ,
532678,Bombay Rayon Fashion ,
533407,CIL Nova Petrochemic ,
539900,Dalmia Industrial De ,
539979,Digjam L ,
532996,First Winner Industr ,
509557,Garware-Wall Rop ,
532957,Gokak Textiles ,
532744,GTN Textiles ,
509895,Hindoostan Mills ,
539449,IGC Industries ,
532825,Jagjanani Textiles L ,
514312,Jaihind Synthetics ,
533103,Jindal Cotex Ltd. ,
531543,Jindal Worldwide ,
535136,Kavita Fabrics Ltd. ,
535730,Khoobsurat Ltd. ,
513703,Kumar Wire Cloth ,
535387,Lakhotia Polyesters ,
532621,Morarjee Textiles Li ,
514460,Oswal Yarns Limi ,
514330,Overseas Synth. ,
538730,PDS Multi. Fashions ,
533178,Pradip Overseas ,
530331,Premco Global Li ,
521149,Prime Urban Dev. ,
532665,Rajvir Industries Lt ,
532766,Richa Industries Ltd ,
512618,RLF Ltd. ,
521182,Seasons Furnishi ,
532886,SEL Manufacturing Co ,
540961,Shiva Mills ,
533018,Simplex Mills Co Ltd*,
502742,Sintex Industrie*,
514454,Southern Latex ,
531307,SRK Industries ,
532730,STL Global Ltd. ,
533101,Suryaamba Spinning M ,
532782,Sutlej Textiles & In ,
505590,SVP Global Ventures ,
503310,Swan Energy Ltd. ,
541700,TCNS Clothing*,
539985,Titaanium Ten Enterp ,
522122,Voith Paper Fabrics ,
532893,VTM Ltd. ,
506142,Vyapar Industries ,
507817,Wires and Fabriks (S ,
514378,Yarn Syndicate ,
530043,Acknit Industries Lt ,
507852,Addi Industries ,
539115,Alan Scott Industrie ,
531300,Amit Internation ,
512608,Bhandari Hosiery ,
541403,Dollar Industries ,
532022,Filatex Fashions ,
531301,High Street Filatex ,
514221,K-Lifestyle & Ind. ,
530149,KSL and Industries L ,
500296,Nahar Spg Mills ,
540243,New Light Apparels ,
530219,Nutricircle ,
514300,Pioneer Emb. ,
533552,Rupa & Company L ,
526161,Spenta International ,
521113,Suditi Hosiery ,
540269,Super Fine Knitters ,
514142,T T Ltd. ,
532090,Vandana Knitwear ,
530521,Virat Industries ,
530675,York Exports Lim ,
514118,Eskay Kn'IT ,
514165,Indian Acrylics ,
500456,Pasupati Acrylon ,
509563,Garware Marine ,
514400,Garware Syntheti ,
503806,SRF Ltd.*,
500280,Century Enka ,
540310,Classic Filaments ,
526227,Filatex India*,
530605,GSL Nova Petrochemic ,
500306,Jaykay Enterprises L ,
514034,JBF Industries*,
503776,Modipon ,
500192,Prag Bosimi Syn. ,
530795,Suncity Syntheti ,
526965,Guj. Craft Indus ,
500248,Mavi Industries ,
506975,Rajasthan Petro ,
526479,Sky Industries ,
514211,Sumeet Industrie*,
514266,Zenith Fibres ,
533204,Mandhana Industries ,
539300,AK Spintex L ,
531223,Anjani Synthetic ,
526851,Arex Industries Ltd. ,
508933,AYM Syntex ,
502761,Blue Blends (I) ,
506981,Blue Chip Tex In ,
500020,Bombay Dyeing*,
521151,Dhanlaxmi Fabric ,
514358,Everlon Synthe.*,
531196,Gagan Polycot In ,
514167,Ganesha Ecosphere ,
531744,Gini Silk Mills ,
514386,Gujarat Cotex Ltd. ,
514318,Jattashankar Indust ,
512036,Kapil Cotex ,
514128,Konark Synthetic ,
514240,Kush Industries ,
538890,M K Exim (India) L ,
531456,Minaxi Textiles ,
531453,Mohit Industries ,
521030,Nakoda ,
521105,Olympia Inds. ,
514324,Omnitex Inds. ,
509835,Premier Synth. ,
530699,Raj Rayon Industries ,
514223,Ramgopal Polytex ,
530179,RSC International Lt ,
514197,S & T Corporation Lt ,
526885,Sarla Performance Fi ,
514402,Sharad Fibres &*,
533301,Shekhawati Poly Yarn ,
521232,Sunil Industries ,
526133,Super Tex Indust ,
530459,Valson Ind. Ltd. ,
530151,Vijay Textiles L ,
538598,Vishal Fabrics Ltd. ,
523011,Weizmann ,
540615,7NR Retail Ltd. ,
541144,Active Clothing Co ,
534707,Aditri Industries ,
535467,Ashapura Intimates F ,
532946,Bang Overseas Ltd. ,
539399,Bella Casa Fashion & ,
540148,Bindal Exports ,
533267,Cantabil Retail Indi ,
531119,Ceenik Exports ( ,
532695,Celebrity Fashions L ,
521210,Cityman Ltd. ,
538432,Divinus Fabrics ,
532630,Gokaldas Exports ,
538081,Haria Apparels ,
512604,Haria Exports Li ,
533329,Indian Terrain Fashi ,
535958,Integra Garments ,
539216,Junction Fabrics ,
521248,Kitex Garments*,
532889,KPR Mill Ltd. ,
540952,Lorenzini Apparels ,
533343,Lovable Lingerie Ltd ,
539542,Lux Industries ,
531613,Meyer Apparel L ,
538836,Monte Carlo Fashions ,
532827,Page Industries Ltd.*,
532808,Pearl Global Industr ,
532441,Rainbow Denim Ltd.*,
540048,S P Apparels Ltd. ,
521206,Samtex Fashions ,
521222,Sanblue Corporation ,
526827,Spice Islands Ap ,
532651,SPL Industries L ,
533941,Thomas Scott (India) ,
538569,Triveni Enterprises ,
539123,V B Industries ,
532613,VIP Clothing ,
506146,Visagar Polytex Ltd. ,
538128,Women's Next Lounger ,
521163,Zodiac Clothing ,
532831,Abhishek Corporation ,
521048,Advance Lifestyles ,
541303,Akshar Spintex ,
531409,Alchemist Corporatio ,
530889,Alka India Ltd. ,
521097,Amarjothi Spg.Mi ,
531978,Ambika Cotton Mi ,
541006,Angel Fibers ,
514482,Asahi Industries ,
514286,Ashima Ltd. ,
514272,Bhilwara Spinner ,
514215,Binny Ltd. ,
521244,Chitradurga Spin ,
514366,Citizen Yarns L ,
502820,DCM Ltd. ,
521216,Dhanalaxmi Roto ,
521014,Eurotex Inds. ,
530079,Faze Three Ltd. ,
502865,Forbes & Company Ltd ,
521176,Gangotri Textile ,
521133,Gem Spinners ,
590025,Ginni Filaments ,
500170,GTN Industries ,
540938,Gujarat Hy-Spin ,
502873,H P Cotton Textiles ,
514010,Himachal Fibres ,
521068,Hisar Spinning ,
538838,Indo Cotspin*,
521016,Indo Count Inds. ,
521054,Kakatiya Textile ,
530201,Kallam Textiles ,
521242,Kandagiri Spinni*,
502933,Katare Spg. Mill ,
590075,Lambodhara Texti ,
502995,Malwa Cotton Spg ,
521018,Maral Overseas ,
531503,Maris Spinners L ,
500277,Mid India Indust ,
503015,Modern India ,
532140,Mohite Industries ,
521109,Nagreeka Exports ,
523391,Nahar Poly Films Ltd ,
532698,Nitin Spinners ,
531395,Padam Cotton Yar ,
521080,Pasari Spinning ,
514326,Patspin India ,
514087,PBM Polytex ,
531172,Pranavaditya Spi ,
532503,Rajapalayam Mill*,
531952,Riba Textiles Li ,
590056,Salona Cotspin L ,
521240,Sambandam Spinni ,
531323,Santaram Spinner ,
511108,Shiva Texyarn Ltd. ,
521082,Spentex Indust. ,
530037,Sree Jayalakshm ,
521161,Sri Lakshmi Sara*,
521234,Sri Nachammai Co ,
521178,Sri Rama. Mills (Coi ,
513151,STI India Limi ,
512527,Super Sales India ,
521180,Super Spinning ,
531934,Supreme Tex Mart L ,
530185,Surat Textile Mi ,
521200,Suryalakshmi Cot ,
514140,Suryavanshi Spg ,
531499,Sybly Industries Ltd ,
521038,T Nadu Jaibharat ,
531190,Tavernier Resources ,
514484,Thambbi Modern S ,
521005,Titan Intech ,
521064,Trident Ltd. ,
521188,United Textiles ,
514175,Vardhman Polytex ,
502986,Vardhman Textiles Lt ,
514302,Vippy Spinpro ,
514348,Winsome Yarns ,
514113,Adinath Textile ,
521141,Aditya Spinners ,
523537,APM Industries ,
503722,Banswara Syntex ,
521220,Damodar Industries ,
514030,Deepak Spinners ,
514060,Evergreen Textiles L ,
514474,Fairdeal Filamen ,
503881,Hind Syntex ,
500207,Indo Rama Synth. ,
512233,Jaybharat Textiles ,
512329,Kintech Renewables L ,
530443,Kiran Syntex Lim ,
531304,Nutech Global Ltd. ,
503092,Pasupati Spg. ,
514028,Rajkamal Synth. ,
503162,Reliance Chemote ,
500350,RSWM Ltd. ,
514234,Sangam India Ltd ,
512297,Shantai Industries ,
503837,Shree Raj.Syntex ,
521036,Source Industries ,
539221,Sportking India ,
514138,Suryalata Spg. ,
503816,Swadeshi Polytex ,
510245,Swas.Vinay.Synt ,
521226,Uniroyal Industries ,
514470,Winsome Textile ,
590022,Eastern Silk Indust. ,
514043,Himatsingka Seid ,
530049,JJ Exporters Ltd. ,
512553,Zenith Exports L ,
514332,NEO Infracon ,
513515,S R Industries L ,
514162,Welspun India*,
521070,Alok Industries Ltd. ,
514183,Black Rose Industrie ,
514045,BSL Ltd ,
512519,Donear Industrie ,
532820,E-Land Apparel ,
500155,Garden Silk Mill ,
532015,Gravity (India) ,
514322,Kamadgiri Fashion ,
521127,Khator Fibre & F ,
540396,Manomay Tex India ,
531496,Omkar Overseas L ,
512626,Orbit Exports Li ,
514414,Oxford Industrie ,
514316,Raghuvir Synth. ,
530251,Risa International L ,
514280,Sanrhea Technical ,
530035,Santosh Fine - F ,
514264,Seasons Textiles ,
521131,Shree Bhavya Fabrics ,
503811,Siyaram Silk*,
530231,Subhash Silk Mil ,
531411,Tuni Textile Mil ,
516098,Ventura Textiles ,
507872,Ashnoor Textile ,
514394,Atlas Jewellery ,
531402,LWS Knitwear ,
503772,Modella Woollens ,
531437,Prakash Wool.& Syn. ,
500330,Raymond Ltd ,
503804,Shri Dinesh Mill*,
514144,Uniworth Ltd. ,
531611,Aadhaar Ventures Ind ,
512165,Abans Enterprises ,
539661,Ace Men Engg Works ,
512599,Adani Enterprises Lt*,
538563,Adarsh Mercantile ,
541152,Advitiya Trade India ,
537492,Agrimony Commodities ,
539693,Alora Trading Co. ,
526241,Amrapali Inds. ,
531127,Anar Industries ,
537785,Anisha Impex Ltd. ,
511064,Aplaya Creations*,
512109,Aviva Industries ,
538364,BCPL International ,
532645,Beeyu Overseas ,
514440,Blue Pearl Texspin ,
501430,Bombay Cycle ,
531158,Catvision Ltd. ,
531900,CCL International Lt ,
530309,Chandra Prabhu I ,
539800,CHD Chemicals Ltd. ,
539436,Coffee Day Enterpris ,
531041,Competent Automo ,
539991,Confidence Futurist ,
522295,Control Print Ltd. ,
509472,Cravatex ,
533146,D-Link (India) ,
539197,Devhari Exports ,
526971,Dhoot Industrial ,
539267,Dr. Habeebullah Life ,
539786,Dune Mercantile ,
538608,Dwitiya Trading ,
538653,Ejecta Marketing ,
532038,Emmsons Internat ,
504351,Empower India ,
526574,Enterprise Inter ,
530929,Euro Asia Exports ,
590094,Farmax India L ,
530213,Fortune Internat ,
539032,Fraser & Company ,
538568,Fruition Venture Ltd ,
541276,Garv Industries ,
539515,Gaurav Mercantiles ,
540613,Gautam Exim ,
540266,Globe Commercials ,
539235,Grandeur Products ,
504369,Grandma Trading ,
533016,Greenearth Resource ,
531178,Hemang Resources ,
534328,Hexa Tradex Ltd. ,
540377,IFL Enterprises ,
517077,Ind-Agiv Commerce ,
590065,India Motor Part ,
540394,Jash Dealmark ,
539246,Jyotirgamya Enterp ,
539014,Kalpa Commercial ,
512399,Kapashi Commerci*,
590068,Khaitan (India) ,
539788,Khemani Distributors ,
539408,Kuber Udyog L ,
531842,Lahoti Overseas ,
539125,Layla Textile and Tr ,
780021,Legacy Mercantile ,
512600,Macro International ,
526538,Maximaa Systems ,
539519,Mayukh Dealtrade ,
513377,MMTC Ltd. ,
540809,MRC Exim ,
508922,MSR India ,
535204,Mukta Agriculture ,
501477,Muller&Phipps Lt ,
535205,Mystic Electronics ,
539525,Navketan Merchants ,
539409,Neeraj Paper Market ,
537838,Negotium Intl. Trade ,
512425,Nirav Commercial ,
538019,Oceanaa Biotek Ind ,
539290,Oswal Green Tech ,
531396,Pagaria Energy ,
538742,Panache Innovations ,
539143,Panth Infinity ,
524628,Parker Agrochem ,
539007,Pincon Lifestyle ,
539195,POCL Enterprises ,
540404,Prime Customer Serv ,
512217,Prism Medico and Pha ,
524580,Priya Ltd. ,
538452,Quasar India Ltd. ,
539673,Radhagobind Commerci*,
512624,Regent Enterprises ,
531447,Rockon Enterprises L ,
532713,Sakuma Exports ,
780015,Sanasa Tech Feb ,
511076,Sat Industries Ltd. ,
531893,Sawaca Business Mach ,
538875,Sellwin Traders Ltd. ,
539520,Shailja Commercial ,
540425,Shankara Building Pr ,
540221,Shashank Traders ,
512463,Shree Global Tra ,
531667,Shree Surgovind ,
537954,Shri Krishna Prasada ,
533014,Sicagen India ,
512197,Silver Oak Commerci. ,
505729,Singer India*,
538575,Solis Marketing ,
530177,SPS Internationa ,
512531,State Trading ,
539526,Suncare Traders ,
531102,Surana Corporation L ,
512359,Sword-Edge Commer ,
522294,T & I Global Lim ,
532444,T. Spiritual World ,
519483,Tai Industries L*,
532262,TCI Industries L ,
505196,TIL Ltd. ,
540726,Trident Texofab*,
500429,Uniphos Enterprises ,
531867,Unitech Internationa ,
523519,Universal Office Aut ,
511736,Ushdev Internati ,
539402,Vaksons Automobiles ,
538548,Vitan Agro Ind. ,
501391,W H Brady & Co. ,
540980,Yamuna Syndicate*,
539097,Yogya Enterprises ,
532773,Global Vectra Helico ,
539448,InterGlobe Aviation*,
520139,Jagsons Airlines ,
532617,Jet Airways*,
500285,Spicejet Ltd. ,
539956,TAAL Enterprises ,
522229,Taneja Aerospace ,
520123,ABC India Ltd. ,
531921,Agarwal Industrial C ,
520131,Coastal Roadways*,
531344,Container Corpor ,
533177,IL&FS Transportation ,
534615,North Eastern Carry ,
532349,TCI Ltd.*,
533144,Cox & Kings L ,
538521,Crown Tours ,
500213,Intl. Travel Hou ,
531163,Kemistar Corporation ,
526795,Mahasagar Travels ,
526721,Nicco Parks & Re ,
526477,South Asian Ente ,
500413,Thomas Cook (I) ,
509953,Trade Wings L ,
539222,VMV Holidays Ltd. ,
538268,Wonderla Holidays Lt*,
500877,Apollo Tyres*,
502355,Balkrishna Ind. ,
500878,Ceat Ltd.*,
500168,Goodyear India*,
509148,Govind Rubber ,
530007,JK Tyre & Industries ,
523550,Krypton Ind. ,
500890,Modi Rubber ,
500290,MRF Ltd*,
509220,PTL Enterprises ,
539040,Tirupati Tyres ,
509243,TVS Srichakra Lt ,
530291,Raj Agro Mills L*,
532054,KDDL Ltd. ,
500414,Timex Group India*,
500114,Titan Company*,
517041,Ador Welding Ltd.*,
517514,D & H India ,
590031,De Nora India Ltd. ,
500133,Esab India*,
504028,GEE Ltd. ,
530431,Ador Fontech Ltd*,